time,avg_roam_time_min,area_to_destroy_12.4min,area_to_destroy_24.8min,area_to_destroy_30.0min,missiles_remaining,mated_missiles_remaining,retaliation_prob
2021/01/20-12:00,0.0,"35,539","142,213","208,112",32,18,0.9807
2021/01/20-12:01,0.7,"41,168","153,252","221,420",34,20,0.9941
2021/01/20-12:02,1.4,"47,233","164,728","235,164",36,19,0.9893
2021/01/20-12:03,2.1,"53,847","176,860","249,611",38,19,0.9893
2021/01/20-12:04,2.8,"60,906","189,438","264,503",39,20,0.9941
2021/01/20-12:05,3.5,"68,410","202,461","279,840",40,21,0.9968
2021/01/20-12:06,4.2,"76,359","215,928","295,622",41,22,0.9982
2021/01/20-12:07,4.9,"84,753","229,841","311,850",42,20,0.9941
2021/01/20-12:08,5.6,"92,576","242,534","326,584",42,21,0.9968
2021/01/20-12:09,6.3,"101,808","257,285","343,649",43,22,0.9982
2021/01/20-12:10,7.0,"111,485","272,481","361,159",44,23,0.9994
2021/01/20-12:11,5.8,"96,725","248,414","333,191",41,22,0.9982
2021/01/20-12:12,6.5,"106,096","263,305","350,395",42,22,0.9982
2021/01/20-12:13,7.0,"113,221","274,325","363,049",42,23,0.9994
2021/01/20-12:14,7.7,"123,352","289,974","381,013",43,22,0.9982
2021/01/20-12:15,8.4,"133,928","306,069","399,421",44,23,0.9994
2021/01/20-12:16,6.4,"106,941","263,284","350,011",41,22,0.9982
2021/01/20-12:17,7.1,"116,688","278,549","367,591",42,21,0.9968
2021/01/20-12:18,6.8,"112,629","272,434","360,614",41,19,0.9893
2021/01/20-12:19,7.5,"122,655","287,979","378,473",42,20,0.9941
2021/01/20-12:20,8.2,"133,126","303,969","396,777",43,20,0.9941
2021/01/20-12:21,6.3,"107,162","263,180","349,771",41,23,0.9994
2021/01/20-12:22,7.0,"116,883","278,419","367,325",42,22,0.9982
2021/01/20-12:23,5.4,"91,999","240,984","324,625",41,23,0.9994
2021/01/20-12:24,6.2,"101,937","258,561","345,806",43,24,0.9998
2021/01/20-12:25,6.9,"111,770","274,129","363,778",44,23,0.9994
2021/01/20-12:26,5.8,"98,222","252,465","338,711",42,22,0.9982
2021/01/20-12:27,6.6,"107,862","267,840","356,492",43,22,0.9982
2021/01/20-12:28,7.0,"113,258","276,157","366,034",43,24,0.9998
2021/01/20-12:29,7.7,"123,596","292,231","384,513",44,25,0.9999
2021/01/20-12:30,8.4,"134,397","308,767","403,454",45,25,0.9999
2021/01/20-12:31,6.6,"111,648","275,760","366,944",44,24,0.9998
2021/01/20-12:32,7.3,"121,760","291,607","385,196",45,28,1.0000
2021/01/20-12:33,8.1,"132,334","307,916","403,910",45,26,1.0000
2021/01/20-12:34,8.8,"143,370","324,688","423,087",46,25,0.9999
2021/01/20-12:35,9.5,"154,870","341,922","442,726",47,28,1.0000
2021/01/20-12:36,7.2,"121,656","290,313","383,402",44,25,0.9999
2021/01/20-12:37,7.9,"132,134","306,526","402,021",45,24,0.9998
2021/01/20-12:38,8.6,"142,397","322,092","419,810",45,23,0.9994
2021/01/20-12:39,9.3,"153,766","339,195","439,318",46,24,0.9998
2021/01/20-12:40,10.1,"166,268","359,446","463,217",47,23,0.9994
2021/01/20-12:41,6.4,"110,247","274,856","366,648",44,25,0.9999
2021/01/20-12:42,7.1,"120,236","290,581","384,778",45,25,0.9999
2021/01/20-12:43,7.7,"128,656","303,438","399,495",45,26,1.0000
2021/01/20-12:44,8.4,"139,466","319,983","418,445",45,25,0.9999
2021/01/20-12:45,9.2,"150,738","336,990","437,858",46,26,1.0000
2021/01/20-12:46,6.9,"119,206","287,387","380,676",44,25,0.9999
2021/01/20-12:47,7.6,"129,484","303,399","399,094",45,23,0.9994
2021/01/20-12:48,7.6,"129,189","302,888","398,492",44,21,0.9968
2021/01/20-12:49,8.3,"139,911","319,346","417,354",45,22,0.9982
2021/01/20-12:50,9.0,"151,096","336,266","436,679",46,22,0.9982
2021/01/20-12:51,7.3,"127,922","301,579","397,563",45,25,0.9999
2021/01/20-12:52,8.0,"138,479","317,870","416,260",45,23,0.9994
2021/01/20-12:53,5.8,"102,497","264,791","356,011",45,24,0.9998
2021/01/20-12:54,6.6,"112,138","280,167","373,792",45,22,0.9982
2021/01/20-12:55,7.3,"122,353","296,226","392,301",46,24,0.9998
2021/01/20-12:56,6.0,"106,334","270,143","361,998",45,23,0.9994
2021/01/20-12:57,6.8,"114,566","281,448","374,192",45,24,0.9998
2021/01/20-12:58,7.3,"122,029","292,915","387,339",44,24,0.9998
2021/01/20-12:59,8.0,"132,525","309,146","405,975",45,24,0.9998
2021/01/20-13:00,8.8,"143,483","325,839","425,073",46,24,0.9998
2021/01/20-13:01,6.5,"113,689","276,935","367,755",43,21,0.9968
2021/01/20-13:02,7.3,"123,843","292,932","386,204",44,22,0.9982
2021/01/20-13:03,8.0,"134,468","309,401","405,123",45,25,0.9999
2021/01/20-13:04,8.8,"145,565","326,342","424,514",46,25,0.9999
2021/01/20-13:05,9.5,"157,133","343,753","444,375",47,24,0.9998
2021/01/20-13:06,7.2,"126,077","295,166","388,438",44,23,0.9994
2021/01/20-13:07,8.0,"136,702","311,635","407,357",45,24,0.9998
2021/01/20-13:08,8.5,"143,967","320,675","416,741",44,24,0.9998
2021/01/20-13:09,9.2,"155,257","337,700","436,171",45,24,0.9998
2021/01/20-13:10,9.9,"167,009","355,187","456,064",46,25,0.9999
2021/01/20-13:11,6.9,"123,730","288,535","379,610",43,23,0.9994
2021/01/20-13:12,7.7,"134,173","304,820","398,346",44,22,0.9982
2021/01/20-13:13,8.1,"140,239","312,012","405,610",43,22,0.9982
2021/01/20-13:14,8.8,"151,293","328,801","424,804",44,23,0.9994
2021/01/20-13:15,9.6,"162,809","346,053","444,461",45,24,0.9998
2021/01/20-13:16,8.1,"143,165","314,613","408,075",43,24,0.9998
2021/01/20-13:17,8.8,"154,192","331,376","427,243",44,24,0.9998
2021/01/20-13:18,8.9,"156,663","334,821","431,096",43,19,0.9893
2021/01/20-13:19,9.7,"168,232","352,125","450,805",44,21,0.9968
2021/01/20-13:20,10.4,"180,263","369,891","470,977",45,21,0.9968
2021/01/20-13:21,6.9,"118,018","280,377","370,027",43,24,0.9998
2021/01/20-13:22,7.6,"128,425","296,628","388,728",44,21,0.9968
2021/01/20-13:23,5.7,"95,421","248,474","334,221",43,24,0.9998
2021/01/20-13:24,6.4,"105,078","263,974","352,172",44,25,0.9999
2021/01/20-13:25,7.2,"115,206","279,946","370,594",45,26,1.0000
2021/01/20-13:26,6.0,"99,618","254,943","341,643",43,23,0.9994
2021/01/20-13:27,6.7,"109,458","270,627","359,777",44,26,1.0000
2021/01/20-13:28,7.2,"115,574","280,098","370,655",44,24,0.9998
2021/01/20-13:29,7.9,"126,156","296,523","389,531",45,25,0.9999
2021/01/20-13:30,8.7,"137,210","313,419","408,878",46,25,0.9999
2021/01/20-13:31,6.7,"110,247","270,983","359,952",43,23,0.9994
2021/01/20-13:32,7.4,"120,523","287,102","378,522",44,23,0.9994
2021/01/20-13:33,8.2,"131,271","303,694","397,564",45,24,0.9998
2021/01/20-13:34,8.8,"141,163","318,455","414,367",46,26,1.0000
2021/01/20-13:35,9.6,"152,774","335,910","434,272",46,24,0.9998
2021/01/20-13:36,6.8,"114,114","275,716","365,048",43,24,0.9998
2021/01/20-13:37,7.5,"124,461","291,906","383,688",44,25,0.9999
2021/01/20-13:38,8.2,"134,601","307,456","401,508",45,24,0.9998
2021/01/20-13:39,9.0,"145,855","324,554","421,056",45,25,0.9999
2021/01/20-13:40,9.7,"157,580","342,122","441,075",46,24,0.9998
2021/01/20-13:41,7.2,"121,296","286,252","376,991",43,23,0.9994
2021/01/20-13:42,8.0,"132,584","305,396","399,829",45,27,1.0000
2021/01/20-13:43,8.6,"141,641","318,998","415,336",45,25,0.9999
2021/01/20-13:44,9.3,"153,095","336,296","435,085",45,25,0.9999
2021/01/20-13:45,10.1,"165,021","354,065","455,304",46,26,1.0000
2021/01/20-13:46,7.7,"131,947","304,608","399,376",44,24,0.9998
2021/01/20-13:47,8.4,"142,861","321,365","418,584",45,23,0.9994
2021/01/20-13:48,8.2,"140,334","317,323","413,906",44,21,0.9968
2021/01/20-13:49,9.0,"151,596","334,429","433,463",45,22,0.9982
2021/01/20-13:50,9.8,"164,002","354,690","457,418",46,23,0.9994
2021/01/20-13:51,7.3,"129,151","301,011","395,843",45,21,0.9968
2021/01/20-13:52,8.1,"139,838","317,541","414,824",46,23,0.9994
2021/01/20-13:53,5.7,"96,644","255,519","344,906",45,23,0.9994
2021/01/20-13:54,6.4,"106,284","271,002","362,839",46,25,0.9999
2021/01/20-13:55,7.2,"116,395","286,956","381,243",46,24,0.9998
2021/01/20-13:56,5.8,"96,965","254,151","342,431",44,25,0.9999
2021/01/20-13:57,6.5,"106,518","269,439","360,124",45,24,0.9998
2021/01/20-13:58,6.9,"112,487","278,655","370,701",44,25,0.9999
2021/01/20-13:59,7.7,"122,764","294,667","389,118",45,25,0.9999
2021/01/20-14:00,8.4,"133,504","311,142","407,998",45,25,0.9999
2021/01/20-14:01,7.1,"116,908","282,578","374,016",43,24,0.9998
2021/01/20-14:02,7.9,"127,195","298,492","392,289",44,22,0.9982
2021/01/20-14:03,8.6,"137,936","314,860","411,017",44,24,0.9998
2021/01/20-14:04,9.3,"149,130","331,681","430,198",45,26,1.0000
2021/01/20-14:05,10.0,"160,778","348,956","449,833",46,24,0.9998
2021/01/20-14:06,7.1,"120,962","287,065","378,685",43,23,0.9994
2021/01/20-14:07,7.8,"131,284","303,014","396,993",44,24,0.9998
2021/01/20-14:08,8.5,"141,044","317,752","413,818",44,21,0.9968
2021/01/20-14:09,9.2,"152,221","334,556","432,982",45,24,0.9998
2021/01/20-14:10,9.9,"163,852","351,813","452,599",45,23,0.9994
2021/01/20-14:11,7.4,"125,524","294,115","386,779",43,22,0.9982
2021/01/20-14:12,8.2,"136,046","310,265","405,288",44,20,0.9941
2021/01/20-14:13,7.9,"131,592","304,080","398,376",43,22,0.9982
2021/01/20-14:14,8.7,"143,213","323,449","421,394",44,23,0.9994
2021/01/20-14:15,9.4,"154,625","340,596","440,946",45,24,0.9998
2021/01/20-14:16,8.1,"131,440","302,196","395,767",42,22,0.9982
2021/01/20-14:17,8.8,"142,250","318,741","414,717",43,22,0.9982
2021/01/20-14:18,8.4,"139,971","315,489","411,056",43,21,0.9968
2021/01/20-14:19,9.1,"151,165","332,418","430,390",44,20,0.9941
2021/01/20-14:20,9.8,"162,821","349,809","450,186",45,21,0.9968
2021/01/20-14:21,7.7,"132,296","302,944","396,469",43,22,0.9982
2021/01/20-14:22,8.5,"143,882","322,386","419,605",45,23,0.9994
2021/01/20-14:23,6.8,"115,840","281,791","373,746",44,22,0.9982
2021/01/20-14:24,7.6,"126,212","298,007","392,413",45,23,0.9994
2021/01/20-14:25,8.3,"137,056","314,694","411,550",46,23,0.9994
2021/01/20-14:26,7.2,"121,899","290,664","383,799",44,23,0.9994
2021/01/20-14:27,8.0,"132,499","307,107","402,693",45,19,0.9893
2021/01/20-14:28,8.4,"139,184","316,931","413,832",44,22,0.9982
2021/01/20-14:29,9.1,"150,508","334,098","433,450",45,23,0.9994
2021/01/20-14:30,9.9,"162,303","351,736","453,538",46,23,0.9994
2021/01/20-14:31,7.2,"122,773","291,430","384,519",44,20,0.9941
2021/01/20-14:32,7.9,"133,364","307,864","403,404",45,23,0.9994
2021/01/20-14:33,8.7,"144,426","324,769","422,759",46,22,0.9982
2021/01/20-14:34,9.2,"152,328","336,458","436,037",46,23,0.9994
2021/01/20-14:35,9.9,"164,166","354,140","456,169",47,24,0.9998
2021/01/20-14:36,6.2,"107,688","268,337","358,069",44,20,0.9941
2021/01/20-14:37,6.9,"117,633","284,126","376,308",45,22,0.9982
2021/01/20-14:38,7.5,"125,696","296,625","390,667",45,22,0.9982
2021/01/20-14:39,8.1,"134,470","308,256","403,097",45,23,0.9994
2021/01/20-14:40,8.8,"145,524","325,045","422,292",45,22,0.9982
2021/01/20-14:41,6.5,"113,031","274,590","364,303",43,21,0.9968
2021/01/20-14:42,7.3,"123,099","290,393","382,511",44,24,0.9998
2021/01/20-14:43,7.2,"121,532","290,405","383,586",44,21,0.9968
2021/01/20-14:44,7.9,"132,028","306,636","402,221",45,22,0.9982
2021/01/20-14:45,8.7,"143,098","323,550","421,586",46,22,0.9982
2021/01/20-14:46,5.8,"102,114","260,382","349,115",44,21,0.9968
2021/01/20-14:47,6.5,"109,252","269,836","359,141",43,20,0.9941
2021/01/20-14:48,6.2,"101,808","260,228","348,626",43,19,0.9893
2021/01/20-14:49,7.0,"111,623","275,778","366,581",44,19,0.9893
2021/01/20-14:50,7.7,"121,900","291,791","384,998",44,19,0.9893
2021/01/20-14:51,5.7,"96,810","251,659","338,559",43,21,0.9968
2021/01/20-14:52,6.4,"106,337","266,922","356,227",44,23,0.9994
2021/01/20-14:53,6.1,"101,696","259,900","348,207",43,22,0.9982
2021/01/20-14:54,6.8,"111,606","275,653","366,411",44,20,0.9941
2021/01/20-14:55,7.6,"121,988","291,878","385,086",45,19,0.9893
2021/01/20-14:56,6.1,"102,703","260,582","348,752",44,21,0.9968
2021/01/20-14:57,6.8,"110,943","271,895","360,955",44,23,0.9994
2021/01/20-14:58,7.3,"117,739","282,262","372,819",43,20,0.9941
2021/01/20-14:59,8.0,"128,208","298,466","391,429",44,22,0.9982
2021/01/20-15:00,8.7,"139,140","315,133","410,501",45,22,0.9982
2021/01/20-15:01,6.8,"114,136","275,197","364,302",43,24,0.9998
2021/01/20-15:02,7.5,"124,326","291,122","382,632",44,21,0.9968
2021/01/20-15:03,8.2,"134,979","307,510","401,425",45,21,0.9968
2021/01/20-15:04,9.0,"146,094","324,360","420,681",46,20,0.9941
2021/01/20-15:05,9.7,"157,672","341,673","440,398",46,22,0.9982
2021/01/20-15:06,6.7,"115,884","276,620","365,589",43,21,0.9968
2021/01/20-15:07,7.4,"126,048","292,519","383,893",44,20,0.9941
2021/01/20-15:08,8.0,"135,320","306,661","400,077",44,20,0.9941
2021/01/20-15:09,8.8,"146,339","323,415","419,236",45,23,0.9994
2021/01/20-15:10,9.5,"157,821","340,632","438,858",45,21,0.9968
2021/01/20-15:11,6.2,"106,665","263,506","350,841",43,21,0.9968
2021/01/20-15:12,6.9,"116,515","279,091","368,831",44,21,0.9968
2021/01/20-15:13,7.3,"121,919","287,524","378,535",44,20,0.9941
2021/01/20-15:14,8.1,"132,588","304,037","397,498",45,21,0.9968
2021/01/20-15:15,8.8,"143,728","321,020","416,932",45,21,0.9968
2021/01/20-15:16,6.8,"118,163","279,872","369,250",43,23,0.9994
2021/01/20-15:17,7.6,"128,518","296,071","387,899",44,19,0.9893
2021/01/20-15:18,7.0,"115,558","278,891","368,949",44,20,0.9941
2021/01/20-15:19,7.8,"126,044","295,220","387,729",45,20,0.9941
2021/01/20-15:20,8.4,"134,811","306,735","399,997",44,20,0.9941
2021/01/20-15:21,6.5,"109,990","266,982","353,982",42,21,0.9968
2021/01/20-15:22,7.2,"120,015","282,741","372,146",43,20,0.9941
2021/01/20-15:23,6.7,"112,669","271,825","359,733",42,20,0.9941
2021/01/20-15:24,7.5,"123,540","290,444","382,000",44,21,0.9968
2021/01/20-15:25,8.2,"134,201","306,840","400,801",45,22,0.9982
2021/01/20-15:26,6.1,"102,961","259,260","346,369",43,21,0.9968
2021/01/20-15:27,6.8,"112,767","274,801","364,315",44,21,0.9968
2021/01/20-15:28,7.3,"118,989","284,270","375,145",43,19,0.9893
2021/01/20-15:29,8.0,"129,520","300,535","393,816",44,20,0.9941
2021/01/20-15:30,8.7,"140,513","317,263","412,949",45,20,0.9941
2021/01/20-15:31,7.0,"113,996","274,234","362,595",42,21,0.9968
2021/01/20-15:32,7.7,"124,169","290,034","380,755",43,21,0.9968
2021/01/20-15:33,8.4,"134,797","306,289","399,369",44,23,0.9994
2021/01/20-15:34,9.1,"145,878","322,997","418,437",45,21,0.9968
2021/01/20-15:35,9.6,"154,136","333,246","429,122",44,19,0.9893
2021/01/20-15:36,8.2,"135,648","303,504","394,660",41,17,0.9649
2021/01/20-15:37,8.9,"146,485","319,860","413,331",42,17,0.9649
2021/01/20-15:38,9.3,"153,416","329,821","424,562",42,18,0.9807
2021/01/20-15:39,10.0,"164,943","346,866","443,922",43,19,0.9893
2021/01/20-15:40,10.6,"175,397","361,757","460,673",43,18,0.9807
2021/01/20-15:41,8.1,"139,194","306,617","397,592",40,14,0.8230
2021/01/20-15:42,8.8,"148,354","318,525","410,254",40,19,0.9893
2021/01/20-15:43,8.5,"141,305","306,975","396,416",39,18,0.9807
2021/01/20-15:44,9.2,"152,066","323,038","414,703",40,20,0.9941
2021/01/20-15:45,9.9,"163,254","339,529","433,417",41,20,0.9941
2021/01/20-15:46,8.6,"147,152","313,904","403,799",39,18,0.9807
2021/01/20-15:47,9.3,"158,000","330,055","422,173",40,17,0.9649
2021/01/20-15:48,9.1,"154,859","327,736","420,599",40,19,0.9893
2021/01/20-15:49,9.7,"166,039","344,218","439,305",41,18,0.9807
2021/01/20-15:50,10.4,"178,318","363,813","462,366",42,18,0.9807
2021/01/20-15:51,8.6,"153,511","324,613","417,131",40,20,0.9941
2021/01/20-15:52,9.2,"162,742","336,377","429,557",40,18,0.9807
2021/01/20-15:53,9.2,"164,898","338,425","431,560",39,18,0.9807
2021/01/20-15:54,9.8,"176,690","357,423","453,979",40,17,0.9649
2021/01/20-15:55,10.5,"188,341","374,376","473,156",41,18,0.9807
2021/01/20-15:56,8.9,"169,296","344,791","439,551",40,18,0.9807
2021/01/20-15:57,9.6,"180,362","361,160","458,143",41,18,0.9807
2021/01/20-15:58,6.0,"101,244","254,124","339,400",40,17,0.9649
2021/01/20-15:59,6.7,"110,487","268,669","356,168",41,18,0.9807
2021/01/20-16:00,7.4,"120,157","283,641","373,364",42,18,0.9807
2021/01/20-16:01,6.0,"104,815","258,561","344,199",40,17,0.9649
2021/01/20-16:02,6.7,"114,128","273,175","361,037",41,18,0.9807
2021/01/20-16:03,7.4,"123,867","288,217","378,303",42,19,0.9893
2021/01/20-16:04,8.1,"134,035","303,687","395,996",43,19,0.9893
2021/01/20-16:05,8.8,"144,630","319,584","414,117",43,20,0.9941
2021/01/20-16:06,6.4,"110,135","268,490","356,461",41,19,0.9893
2021/01/20-16:07,6.8,"117,724","281,771","372,528",41,18,0.9807
2021/01/20-16:08,6.9,"116,794","281,490","372,519",41,20,0.9941
2021/01/20-16:09,7.6,"126,664","296,663","389,916",42,20,0.9941
2021/01/20-16:10,8.3,"136,963","312,263","407,740",43,22,0.9982
2021/01/20-16:11,6.9,"120,022","284,826","375,901",41,20,0.9941
2021/01/20-16:12,7.6,"129,901","300,008","393,306",42,20,0.9941
2021/01/20-16:13,7.6,"128,656","298,438","391,600",41,21,0.9968
2021/01/20-16:14,8.3,"138,937","314,021","409,407",42,21,0.9968
2021/01/20-16:15,8.9,"149,645","330,032","427,641",43,22,0.9982
2021/01/20-16:16,7.2,"127,642","294,394","386,285",41,21,0.9968
2021/01/20-16:17,7.9,"137,678","309,733","403,848",42,21,0.9968
2021/01/20-16:18,8.0,"138,677","309,368","402,512",40,17,0.9649
2021/01/20-16:19,8.6,"149,193","325,186","420,554",41,19,0.9893
2021/01/20-16:20,9.3,"160,137","341,433","439,024",42,19,0.9893
2021/01/20-16:21,7.4,"134,477","301,056","392,476",40,19,0.9893
2021/01/20-16:22,8.1,"144,775","316,764","410,453",41,19,0.9893
2021/01/20-16:23,8.2,"148,093","320,948","414,999",41,22,0.9982
2021/01/20-16:24,8.9,"158,896","337,162","433,483",42,21,0.9968
2021/01/20-16:25,9.6,"170,249","354,033","452,668",43,20,0.9941
2021/01/20-16:26,8.4,"155,770","329,924","424,520",41,22,0.9982
2021/01/20-16:27,9.1,"166,904","346,685","443,640",42,21,0.9968
2021/01/20-16:28,6.3,"105,148","262,962","350,706",42,20,0.9941
2021/01/20-16:29,7.0,"114,964","278,405","368,508",43,21,0.9968
2021/01/20-16:30,7.8,"125,233","294,301","386,764",44,22,0.9982
2021/01/20-16:31,6.1,"103,303","259,386","346,404",42,20,0.9941
2021/01/20-16:32,6.8,"112,979","274,689","364,066",43,20,0.9941
2021/01/20-16:33,7.5,"123,109","290,446","382,183",44,20,0.9941
2021/01/20-16:34,8.2,"134,365","309,341","404,681",45,21,0.9968
2021/01/20-16:35,9.0,"145,402","326,005","423,705",46,22,0.9982
2021/01/20-16:36,6.5,"109,699","271,149","360,817",43,20,0.9941
2021/01/20-16:37,7.2,"119,758","286,943","379,016",44,23,0.9994
2021/01/20-16:38,7.6,"124,266","294,048","387,210",44,21,0.9968
2021/01/20-16:39,8.3,"135,110","310,735","406,348",45,23,0.9994
2021/01/20-16:40,9.1,"146,425","327,894","425,957",45,23,0.9994
2021/01/20-16:41,7.5,"124,848","293,873","386,717",43,23,0.9994
2021/01/20-16:42,8.2,"135,631","310,499","405,794",44,23,0.9994
2021/01/20-16:43,7.9,"131,131","303,402","397,608",44,23,0.9994
2021/01/20-16:44,8.7,"142,176","320,290","416,947",45,23,0.9994
2021/01/20-16:45,9.4,"153,692","337,649","436,756",46,23,0.9994
2021/01/20-16:46,7.5,"128,629","297,437","390,191",44,21,0.9968
2021/01/20-16:47,8.2,"139,394","314,045","409,250",45,23,0.9994
2021/01/20-16:48,8.6,"145,705","323,386","419,861",44,23,0.9994
2021/01/20-16:49,9.3,"157,186","340,711","439,636",45,22,0.9982
2021/01/20-16:50,10.1,"169,138","358,506","459,882",46,23,0.9994
2021/01/20-16:51,8.3,"146,860","321,945","417,330",44,20,0.9941
2021/01/20-16:52,9.0,"158,132","339,059","436,896",45,21,0.9968
2021/01/20-16:53,9.2,"163,119","345,670","444,187",44,23,0.9994
2021/01/20-16:54,10.0,"174,992","363,387","464,354",45,21,0.9968
2021/01/20-16:55,10.7,"187,337","381,575","484,993",46,22,0.9982
2021/01/20-16:56,8.8,"163,016","342,104","439,169",44,23,0.9994
2021/01/20-16:57,9.5,"174,610","359,542","459,057",45,21,0.9968
2021/01/20-16:58,7.4,"125,467","293,518","385,954",44,21,0.9968
2021/01/20-16:59,8.1,"136,171","310,065","404,952",45,23,0.9994
2021/01/20-17:00,8.9,"147,346","327,084","424,421",46,23,0.9994
2021/01/20-17:01,7.0,"123,249","288,270","379,435",44,20,0.9941
2021/01/20-17:02,7.7,"133,708","304,573","398,189",45,23,0.9994
2021/01/20-17:03,8.5,"144,639","321,347","417,413",46,20,0.9941
2021/01/20-17:04,9.2,"156,042","338,593","437,109",47,25,0.9999
2021/01/20-17:05,10.0,"168,028","356,530","457,543",47,22,0.9982
2021/01/20-17:06,7.6,"135,794","305,576","398,738",44,21,0.9968
2021/01/20-17:07,8.3,"146,750","322,484","418,142",45,22,0.9982
2021/01/20-17:08,8.7,"152,617","331,273","428,156",45,25,0.9999
2021/01/20-17:09,9.5,"164,289","348,896","448,275",46,23,0.9994
2021/01/20-17:10,10.2,"176,441","367,000","468,874",47,23,0.9994
2021/01/20-17:11,8.0,"146,675","319,812","414,381",44,23,0.9994
2021/01/20-17:12,8.8,"157,902","336,990","434,055",45,23,0.9994
2021/01/20-17:13,8.5,"152,925","330,174","426,467",44,22,0.9982
2021/01/20-17:14,9.3,"164,484","347,684","446,473",45,23,0.9994
2021/01/20-17:15,9.9,"174,332","360,389","459,977",45,24,0.9998
2021/01/20-17:16,8.5,"158,075","333,203","428,207",43,21,0.9968
2021/01/20-17:17,9.3,"169,512","350,483","447,938",44,20,0.9941
2021/01/20-17:18,9.7,"177,713","362,255","461,207",44,22,0.9982
2021/01/20-17:19,10.5,"189,909","380,294","481,697",45,24,0.9998
2021/01/20-17:20,11.2,"202,577","398,805","502,659",46,24,0.9998
2021/01/20-17:21,9.8,"186,573","371,872","471,142",43,23,0.9994
2021/01/20-17:22,10.6,"198,830","389,973","491,694",44,24,0.9998
2021/01/20-17:23,10.6,"201,806","392,949","494,669",43,23,0.9994
2021/01/20-17:24,11.3,"214,535","411,521","515,692",44,22,0.9982
2021/01/20-17:25,12.1,"227,735","430,564","537,186",45,23,0.9994
2021/01/20-17:26,10.5,"208,477","399,079","500,573",43,24,0.9998
2021/01/20-17:27,11.3,"221,163","417,608","521,552",44,24,0.9998
2021/01/20-17:28,7.2,"118,122","282,753","373,356",43,22,0.9982
2021/01/20-17:29,7.9,"128,712","299,187","392,240",44,22,0.9982
2021/01/20-17:30,8.7,"139,774","316,092","411,596",45,22,0.9982
2021/01/20-17:31,6.7,"112,037","272,664","361,588",43,23,0.9994
2021/01/20-17:32,7.4,"122,304","288,775","380,150",44,23,0.9994
2021/01/20-17:33,8.2,"133,043","305,358","399,182",45,23,0.9994
2021/01/20-17:34,8.9,"144,254","322,411","418,686",46,25,0.9999
2021/01/20-17:35,9.7,"155,935","339,936","438,662",47,25,0.9999
2021/01/20-17:36,7.2,"120,557","285,188","375,791",43,21,0.9968
2021/01/20-17:37,7.9,"131,147","301,622","394,675",44,22,0.9982
2021/01/20-17:38,7.7,"125,243","294,202","386,620",44,24,0.9998
2021/01/20-17:39,8.5,"136,182","310,986","405,854",45,23,0.9994
2021/01/20-17:40,9.2,"147,593","328,240","425,559",46,25,0.9999
2021/01/20-17:41,7.2,"119,729","284,144","374,656",43,20,0.9941
2021/01/20-17:42,7.9,"130,302","300,561","393,523",44,22,0.9982
2021/01/20-17:43,7.6,"126,637","294,731","386,786",43,22,0.9982
2021/01/20-17:44,8.4,"137,507","311,445","405,950",44,22,0.9982
2021/01/20-17:45,9.1,"148,848","328,629","425,585",45,24,0.9998
2021/01/20-17:46,7.5,"129,828","297,272","389,055",43,23,0.9994
2021/01/20-17:47,8.3,"141,317","316,618","412,095",45,24,0.9998
2021/01/20-17:48,8.8,"150,236","329,865","427,157",44,22,0.9982
2021/01/20-17:49,9.6,"161,874","347,346","447,088",45,22,0.9982
2021/01/20-17:50,10.3,"173,983","365,299","467,491",46,24,0.9998
2021/01/20-17:51,9.1,"160,267","343,532","442,748",44,23,0.9994
2021/01/20-17:52,9.8,"172,036","361,144","462,810",45,22,0.9982
2021/01/20-17:53,9.9,"176,183","366,157","468,186",44,23,0.9994
2021/01/20-17:54,10.7,"188,492","384,310","488,790",45,23,0.9994
2021/01/20-17:55,11.4,"201,274","402,934","509,864",46,24,0.9998
2021/01/20-17:56,10.5,"191,158","385,460","489,305",44,24,0.9998
2021/01/20-17:57,11.2,"203,816","403,962","510,257",45,25,0.9999
2021/01/20-17:58,8.2,"138,922","317,707","415,443",45,22,0.9982
2021/01/20-17:59,9.0,"150,167","334,795","434,982",46,23,0.9994
2021/01/20-18:00,9.7,"161,883","352,355","454,992",46,23,0.9994
2021/01/20-18:01,7.9,"133,260","307,652","403,146",44,25,0.9999
2021/01/20-18:02,8.7,"144,200","324,327","422,227",45,24,0.9998
2021/01/20-18:03,9.4,"156,275","344,150","445,698",46,24,0.9998
2021/01/20-18:04,10.1,"168,141","361,751","465,704",47,25,0.9999
2021/01/20-18:05,10.9,"180,469","379,814","486,173",47,24,0.9998
2021/01/20-18:06,8.4,"143,369","323,669","422,041",44,22,0.9982
2021/01/20-18:07,9.2,"154,623","340,659","441,435",45,24,0.9998
2021/01/20-18:08,9.7,"163,649","353,796","456,297",45,25,0.9999
2021/01/20-18:09,10.4,"175,697","371,580","476,486",46,25,0.9999
2021/01/20-18:10,11.2,"188,209","389,826","497,138",46,24,0.9998
2021/01/20-18:11,10.0,"175,206","368,167","471,848",44,24,0.9998
2021/01/20-18:12,10.8,"185,839","381,764","486,289",44,23,0.9994
2021/01/20-18:13,10.5,"181,616","375,269","478,841",43,23,0.9994
2021/01/20-18:14,11.2,"193,997","393,278","499,209",44,25,0.9999
2021/01/20-18:15,11.9,"206,832","411,740","520,031",45,25,0.9999
2021/01/20-18:16,11.2,"201,621","401,334","507,447",43,21,0.9968
2021/01/20-18:17,11.9,"214,491","419,831","528,304",44,22,0.9982
2021/01/20-18:18,9.6,"166,569","353,947","454,887",43,24,0.9998
2021/01/20-18:19,10.3,"178,557","371,669","475,015",44,24,0.9998
2021/01/20-18:20,11.1,"191,007","389,855","495,605",45,25,0.9999
2021/01/20-18:21,11.0,"192,977","391,067","496,500",43,24,0.9998
2021/01/20-18:22,11.7,"205,941","409,875","517,758",44,23,0.9994
2021/01/20-18:23,10.4,"181,574","375,011","478,492",44,24,0.9998
2021/01/20-18:24,11.1,"194,163","393,443","499,375",45,25,0.9999
2021/01/20-18:25,11.9,"207,223","412,347","520,729",46,25,0.9999
2021/01/20-18:26,11.4,"202,305","403,750","510,589",44,25,0.9999
2021/01/20-18:27,12.1,"215,540","422,828","532,117",45,25,0.9999
2021/01/20-18:28,10.4,"176,781","370,435","474,007",44,23,0.9994
2021/01/20-18:29,11.2,"189,500","389,105","495,173",45,24,0.9998
2021/01/20-18:30,11.9,"202,699","408,256","516,820",46,24,0.9998
2021/01/20-18:31,11.2,"194,352","393,957","500,025",44,25,0.9999
2021/01/20-18:32,11.9,"207,551","413,108","521,672",45,25,0.9999
2021/01/20-18:33,12.7,"221,230","432,739","543,798",46,26,1.0000
2021/01/20-18:34,13.5,"235,502","453,070","566,671",47,26,1.0000
2021/01/20-18:35,14.2,"250,262","473,890","590,032",48,28,1.0000
2021/01/20-18:36,13.6,"245,844","464,386","578,395",45,25,0.9999
2021/01/20-18:37,14.4,"260,683","485,284","601,835",46,24,0.9998
2021/01/20-18:38,14.5,"264,913","490,921","608,061",46,27,1.0000
2021/01/20-18:39,15.3,"280,354","512,422","632,103",47,27,1.0000
2021/01/20-18:40,16.1,"296,283","534,411","656,634",48,27,1.0000
2021/01/20-18:41,15.7,"296,903","531,784","652,646",45,27,1.0000
2021/01/20-18:42,16.5,"313,059","554,001","677,403",46,26,1.0000
2021/01/20-18:43,13.1,"242,995","457,749","570,170",45,24,0.9998
2021/01/20-18:44,13.9,"257,528","478,342","593,304",46,25,0.9999
2021/01/20-18:45,14.7,"272,550","499,424","616,927",47,26,1.0000
2021/01/20-18:46,14.0,"269,666","493,683","610,388",46,24,0.9998
2021/01/20-18:47,14.8,"284,784","514,861","634,107",47,25,0.9999
2021/01/20-18:48,12.4,"233,886","445,026","556,331",46,25,0.9999
2021/01/20-18:49,13.2,"247,965","465,165","579,011",47,25,0.9999
2021/01/20-18:50,13.9,"262,534","485,793","602,180",48,26,1.0000
2021/01/20-18:51,13.4,"260,281","481,333","597,194",46,24,0.9998
2021/01/20-18:52,14.2,"274,998","502,110","620,512",47,27,1.0000
2021/01/20-18:53,12.9,"250,825","468,198","582,516",46,23,0.9994
2021/01/20-18:54,13.7,"265,245","488,678","605,537",47,26,1.0000
2021/01/20-18:55,14.5,"280,154","509,646","629,046",48,26,1.0000
2021/01/20-18:56,15.0,"292,161","526,090","647,350",49,27,1.0000
2021/01/20-18:57,15.8,"307,916","547,905","671,707",49,28,1.0000
2021/01/20-18:58,12.5,"222,630","436,649","549,560",47,25,0.9999
2021/01/20-18:59,13.3,"236,780","456,858","572,310",47,25,0.9999
2021/01/20-19:00,14.0,"251,418","477,556","595,549",48,25,0.9999
2021/01/20-19:01,14.2,"256,373","483,702","602,194",48,27,1.0000
2021/01/20-19:02,15.0,"271,596","504,984","626,018",49,26,1.0000
2021/01/20-19:03,15.8,"287,308","526,756","650,331",49,27,1.0000
2021/01/20-19:04,16.5,"303,508","549,016","675,132",50,27,1.0000
2021/01/20-19:05,17.3,"320,197","571,764","700,422",50,26,1.0000
2021/01/20-19:06,17.5,"327,439","582,209","712,609",49,26,1.0000
2021/01/20-19:07,18.2,"344,712","605,543","738,484",49,26,1.0000
2021/01/20-19:08,18.6,"355,792","619,219","753,249",49,26,1.0000
2021/01/20-19:09,19.3,"373,763","643,251","779,822",49,26,1.0000
2021/01/20-19:10,20.1,"392,224","667,771","806,883",49,26,1.0000
2021/01/20-19:11,20.8,"410,131","691,088","832,470",49,27,1.0000
2021/01/20-19:12,21.6,"429,516","716,533","860,456",50,27,1.0000
2021/01/20-19:13,16.2,"304,830","547,632","672,614",46,25,0.9999
2021/01/20-19:14,16.9,"321,188","569,942","697,420",47,26,1.0000
2021/01/20-19:15,17.7,"338,026","592,732","722,705",47,25,0.9999
2021/01/20-19:16,18.1,"349,826","605,549","735,550",47,23,0.9994
2021/01/20-19:17,18.9,"367,389","629,063","761,559",47,23,0.9994
2021/01/20-19:18,16.7,"324,222","569,124","694,587",45,23,0.9994
2021/01/20-19:19,17.5,"340,912","591,765","719,724",46,24,0.9998
2021/01/20-19:20,18.2,"358,082","614,887","745,341",47,25,0.9999
2021/01/20-19:21,18.6,"369,953","629,679","761,359",47,26,1.0000
2021/01/20-19:22,19.4,"377,301","637,071","768,370",46,24,0.9998
2021/01/20-19:23,13.3,"259,993","475,938","588,858",44,24,0.9998
2021/01/20-19:24,14.1,"274,510","496,406","611,822",45,23,0.9994
2021/01/20-19:25,14.8,"289,507","517,355","635,266",46,25,0.9999
2021/01/20-19:26,15.6,"304,984","538,783","659,190",47,25,0.9999
2021/01/20-19:27,16.4,"320,940","560,691","683,595",48,25,0.9999
2021/01/20-19:28,13.0,"242,082","455,321","567,107",45,22,0.9982
2021/01/20-19:29,13.7,"257,052","478,256","593,781",46,23,0.9994
2021/01/20-19:30,14.5,"271,831","498,986","617,007",47,23,0.9994
2021/01/20-19:31,14.8,"279,046","508,582","627,601",47,25,0.9999
2021/01/20-19:32,15.6,"294,497","529,984","651,499",48,26,1.0000
2021/01/20-19:33,16.3,"310,427","551,866","675,877",48,26,1.0000
2021/01/20-19:34,17.1,"326,838","574,228","700,735",49,26,1.0000
2021/01/20-19:35,17.9,"343,728","597,070","726,073",49,26,1.0000
2021/01/20-19:36,17.8,"348,208","601,118","729,938",47,26,1.0000
2021/01/20-19:37,18.6,"366,328","627,310","759,915",48,25,0.9999
2021/01/20-19:38,18.7,"373,052","632,562","764,151",46,25,0.9999
2021/01/20-19:39,19.4,"390,920","656,382","790,466",47,26,1.0000
2021/01/20-19:40,20.2,"409,268","680,681","817,262",47,25,0.9999
2021/01/20-19:41,20.9,"427,575","704,615","843,555",47,25,0.9999
2021/01/20-19:42,21.7,"442,275","721,090","860,375",47,25,0.9999
2021/01/20-19:43,17.8,"365,564","614,513","741,273",44,24,0.9998
2021/01/20-19:44,18.6,"382,630","637,422","766,633",45,24,0.9998
2021/01/20-19:45,19.3,"400,167","660,802","792,464",46,25,0.9999
2021/01/20-19:46,19.9,"415,048","679,795","813,181",46,25,0.9999
2021/01/20-19:47,20.6,"434,059","706,663","843,743",47,25,0.9999
2021/01/20-19:48,16.3,"315,405","554,247","677,168",45,23,0.9994
2021/01/20-19:49,17.0,"331,493","576,179","701,551",46,23,0.9994
2021/01/20-19:50,17.8,"348,053","598,582","726,404",46,24,0.9998
2021/01/20-19:51,18.2,"359,434","612,993","742,086",47,26,1.0000
2021/01/20-19:52,18.9,"376,710","636,112","767,655",47,26,1.0000
2021/01/20-19:53,11.6,"204,082","406,890","514,700",45,24,0.9998
2021/01/20-19:54,12.3,"217,264","425,915","536,176",46,27,1.0000
2021/01/20-19:55,13.1,"230,918","445,413","558,124",46,25,0.9999
2021/01/20-19:56,13.6,"242,089","460,804","575,285",47,28,1.0000
2021/01/20-19:57,14.4,"256,554","481,112","598,044",47,25,0.9999
2021/01/20-19:58,11.3,"198,018","398,705","505,226",44,24,0.9998
2021/01/20-19:59,12.0,"211,079","417,501","526,428",45,24,0.9998
2021/01/20-20:00,12.8,"224,715","436,981","548,358",46,25,0.9999
2021/01/20-20:01,13.3,"235,432","451,918","565,065",46,24,0.9998
2021/01/20-20:02,14.1,"249,880","472,209","587,807",47,24,0.9998
2021/01/20-20:03,14.8,"264,799","492,972","611,019",47,25,0.9999
2021/01/20-20:04,15.6,"280,189","514,205","634,704",48,26,1.0000
2021/01/20-20:05,16.3,"296,051","535,910","658,859",48,25,0.9999
2021/01/20-20:06,16.3,"299,298","539,049","661,952",46,25,0.9999
2021/01/20-20:07,17.1,"315,622","561,217","686,570",47,26,1.0000
2021/01/20-20:08,17.7,"331,176","581,856","709,343",47,26,1.0000
2021/01/20-20:09,18.5,"348,494","605,126","735,108",48,26,1.0000
2021/01/20-20:10,19.0,"362,930","623,566","755,227",47,27,1.0000
2021/01/20-20:11,19.4,"375,985","639,867","772,890",46,26,1.0000
2021/01/20-20:12,20.2,"394,255","663,981","799,454",47,27,1.0000
2021/01/20-20:13,15.5,"291,470","524,836","645,062",44,26,1.0000
2021/01/20-20:14,16.2,"307,279","546,489","669,165",45,25,0.9999
2021/01/20-20:15,17.0,"323,559","568,612","693,739",46,27,1.0000
2021/01/20-20:16,17.7,"339,399","589,754","717,105",47,28,1.0000
2021/01/20-20:17,18.4,"356,578","612,777","742,578",47,29,1.0000
2021/01/20-20:18,15.7,"301,564","536,337","657,153",44,24,0.9998
2021/01/20-20:19,16.4,"317,599","558,324","681,635",45,24,0.9998
2021/01/20-20:20,17.2,"334,114","580,790","706,598",46,25,0.9999
2021/01/20-20:21,17.4,"343,960","594,489","722,311",46,26,1.0000
2021/01/20-20:22,18.2,"361,104","617,584","747,902",47,27,1.0000
2021/01/20-20:23,11.0,"196,881","397,633","504,582",45,23,0.9994
2021/01/20-20:24,11.8,"210,011","416,714","526,158",46,24,0.9998
2021/01/20-20:25,12.6,"224,292","438,960","552,143",47,29,1.0000
2021/01/20-20:26,13.2,"236,557","456,094","571,320",48,29,1.0000
2021/01/20-20:27,14.0,"251,039","476,528","594,249",48,28,1.0000
2021/01/20-20:28,11.8,"204,792","413,508","524,196",46,26,1.0000
2021/01/20-20:29,12.6,"218,401","433,069","546,252",47,26,1.0000
2021/01/20-20:30,13.3,"232,490","453,110","568,789",48,26,1.0000
2021/01/20-20:31,14.0,"246,148","472,177","590,125",48,27,1.0000
2021/01/20-20:32,14.8,"261,825","495,819","617,506",49,28,1.0000
2021/01/20-20:33,15.6,"277,982","519,941","645,367",49,27,1.0000
2021/01/20-20:34,16.3,"293,948","541,858","669,780",50,28,1.0000
2021/01/20-20:35,17.1,"310,393","564,255","694,673",50,27,1.0000
2021/01/20-20:36,17.1,"315,995","569,965","700,428",48,28,1.0000
2021/01/20-20:37,17.9,"332,929","592,850","725,809",49,27,1.0000
2021/01/20-20:38,18.0,"339,256","600,259","733,672",48,28,1.0000
2021/01/20-20:39,18.8,"356,757","623,712","759,621",48,27,1.0000
2021/01/20-20:40,19.5,"369,269","637,674","773,792",47,27,1.0000
2021/01/20-20:41,20.2,"386,488","660,195","798,536",48,28,1.0000
2021/01/20-20:42,21.0,"405,848","687,519","829,600",48,28,1.0000
2021/01/20-20:43,17.2,"328,831","580,745","710,346",46,27,1.0000
2021/01/20-20:44,17.9,"345,599","603,464","735,561",47,27,1.0000
2021/01/20-20:45,18.7,"362,847","626,664","761,257",48,28,1.0000
2021/01/20-20:46,19.3,"378,100","646,461","782,960",48,29,1.0000
2021/01/20-20:47,20.0,"396,194","670,508","809,502",49,28,1.0000
2021/01/20-20:48,16.6,"319,474","567,276","695,153",47,26,1.0000
2021/01/20-20:49,17.4,"335,911","589,664","720,037",47,25,0.9999
2021/01/20-20:50,18.2,"352,827","612,532","745,401",48,26,1.0000
2021/01/20-20:51,18.7,"367,399","631,649","766,423",49,28,1.0000
2021/01/20-20:52,19.5,"385,275","655,584","792,900",49,26,1.0000
2021/01/20-20:53,10.9,"197,351","403,275","513,590",47,26,1.0000
2021/01/20-20:54,11.5,"207,924","416,597","527,665",47,25,0.9999
2021/01/20-20:55,12.3,"219,551","431,297","543,255",46,26,1.0000
2021/01/20-20:56,12.5,"223,668","436,712","549,215",47,26,1.0000
2021/01/20-20:57,13.2,"237,626","456,622","571,621",47,29,1.0000
2021/01/20-20:58,10.9,"188,300","389,225","496,646",45,25,0.9999
2021/01/20-20:59,11.7,"201,281","408,158","518,074",46,26,1.0000
2021/01/20-21:00,12.4,"214,742","427,570","539,982",47,27,1.0000
2021/01/20-21:01,13.2,"228,683","447,463","562,370",48,28,1.0000
2021/01/20-21:02,14.0,"243,104","467,835","585,239",49,27,1.0000
2021/01/20-21:03,14.8,"258,117","488,908","608,853",49,27,1.0000
2021/01/20-21:04,15.5,"273,732","510,691","633,222",49,28,1.0000
2021/01/20-21:05,16.3,"289,844","532,971","658,089",50,29,1.0000
2021/01/20-21:06,17.0,"304,411","552,624","679,875",50,28,1.0000
2021/01/20-21:07,17.8,"313,585","562,707","689,940",49,28,1.0000
2021/01/20-21:08,17.7,"316,316","566,477","694,544",48,29,1.0000
2021/01/20-21:09,18.4,"333,380","589,601","720,209",48,29,1.0000
2021/01/20-21:10,19.2,"350,933","613,213","746,363",48,29,1.0000
2021/01/20-21:11,19.9,"367,932","635,623","771,042",48,29,1.0000
2021/01/20-21:12,20.7,"386,410","660,161","798,121",49,30,1.0000
2021/01/20-21:13,16.5,"301,450","545,659","671,231",46,28,1.0000
2021/01/20-21:14,17.3,"318,147","568,524","696,682",47,28,1.0000
2021/01/20-21:15,18.1,"335,341","591,886","722,631",48,28,1.0000
2021/01/20-21:16,18.8,"352,120","614,293","747,397",49,31,1.0000
2021/01/20-21:17,19.6,"370,266","638,606","774,297",50,30,1.0000
2021/01/20-21:18,15.9,"288,317","528,090","651,801",47,26,1.0000
2021/01/20-21:19,16.7,"304,656","550,597","676,894",48,28,1.0000
2021/01/20-21:20,17.5,"321,493","573,601","702,485",49,28,1.0000
2021/01/20-21:21,18.0,"333,959","589,747","720,174",49,29,1.0000
2021/01/20-21:22,18.8,"351,590","613,546","746,559",50,30,1.0000
2021/01/20-21:23,12.3,"224,700","437,420","549,787",46,27,1.0000
2021/01/20-21:24,13.1,"238,857","457,745","572,698",47,28,1.0000
2021/01/20-21:25,13.9,"253,512","478,568","596,108",48,28,1.0000
2021/01/20-21:26,14.3,"262,536","490,730","609,586",48,29,1.0000
2021/01/20-21:27,15.1,"277,941","512,303","633,746",49,29,1.0000
2021/01/20-21:28,13.0,"232,635","450,441","564,940",47,29,1.0000
2021/01/20-21:29,13.8,"247,203","471,177","588,262",48,29,1.0000
2021/01/20-21:30,14.6,"258,234","484,415","602,028",48,29,1.0000
2021/01/20-21:31,15.1,"270,136","500,754","620,227",48,30,1.0000
2021/01/20-21:32,15.9,"285,787","522,464","644,478",49,30,1.0000
2021/01/20-21:33,16.7,"301,926","544,663","669,218",49,31,1.0000
2021/01/20-21:34,17.5,"318,553","567,351","694,447",50,31,1.0000
2021/01/20-21:35,18.2,"335,670","590,527","720,165",50,31,1.0000
2021/01/20-21:36,18.3,"341,274","596,997","726,998",49,29,1.0000
2021/01/20-21:37,19.1,"358,949","620,732","753,273",49,29,1.0000
2021/01/20-21:38,19.6,"372,204","637,341","771,290",49,30,1.0000
2021/01/20-21:39,20.3,"390,751","662,056","798,591",49,31,1.0000
2021/01/20-21:40,21.1,"409,795","687,268","826,390",50,31,1.0000
2021/01/20-21:41,21.8,"427,774","710,441","851,741",50,31,1.0000
2021/01/20-21:42,22.6,"447,734","736,569","880,456",50,31,1.0000
2021/01/20-21:43,18.8,"364,153","623,447","754,945",46,27,1.0000
2021/01/20-21:44,19.6,"382,228","647,690","781,775",47,28,1.0000
2021/01/20-21:45,20.4,"400,801","672,431","809,102",48,28,1.0000
2021/01/20-21:46,20.9,"415,832","691,357","829,662",48,29,1.0000
2021/01/20-21:47,21.7,"435,217","716,910","857,801",49,30,1.0000
2021/01/20-21:48,18.9,"385,146","647,036","779,624",47,26,1.0000
2021/01/20-21:49,19.7,"403,431","671,489","806,663",48,27,1.0000
2021/01/20-21:50,20.5,"422,213","696,440","834,200",49,27,1.0000
2021/01/20-21:51,21.1,"439,669","718,982","858,875",49,28,1.0000
2021/01/20-21:52,21.9,"459,359","744,840","887,319",49,27,1.0000
2021/01/20-21:53,12.0,"223,161","431,055","540,998",46,28,1.0000
2021/01/20-21:54,12.8,"237,091","451,153","563,683",47,28,1.0000
2021/01/20-21:55,13.5,"251,519","471,749","586,865",48,29,1.0000
2021/01/20-21:56,13.9,"260,100","483,251","599,593",48,29,1.0000
2021/01/20-21:57,14.7,"273,070","499,295","616,526",48,30,1.0000
2021/01/20-21:58,12.6,"219,466","429,026","539,269",47,27,1.0000
2021/01/20-21:59,13.3,"233,580","449,201","561,984",47,27,1.0000
2021/01/20-22:00,14.1,"248,184","469,863","585,189",48,28,1.0000
2021/01/20-22:01,14.3,"254,453","477,864","593,915",47,28,1.0000
2021/01/20-22:02,15.1,"263,580","488,333","604,548",47,28,1.0000
2021/01/20-22:03,15.9,"278,970","509,674","628,384",47,29,1.0000
2021/01/20-22:04,16.7,"294,839","531,495","652,701",48,29,1.0000
2021/01/20-22:05,17.4,"311,860","556,481","681,426",48,29,1.0000
2021/01/20-22:06,18.2,"328,690","579,262","706,703",49,29,1.0000
2021/01/20-22:07,18.9,"345,999","602,522","732,459",49,30,1.0000
2021/01/20-22:08,19.4,"359,775","619,977","751,457",49,30,1.0000
2021/01/20-22:09,20.2,"377,861","644,015","777,991",49,30,1.0000
2021/01/20-22:10,20.6,"390,958","658,562","792,746",49,30,1.0000
2021/01/20-22:11,21.2,"407,127","679,168","815,213",48,30,1.0000
2021/01/20-22:12,21.9,"426,218","704,102","842,597",49,30,1.0000
2021/01/20-22:13,19.4,"375,827","633,584","763,639",44,27,1.0000
2021/01/20-22:14,20.1,"393,765","657,366","789,871",45,27,1.0000
2021/01/20-22:15,20.9,"412,175","681,619","816,575",46,27,1.0000
2021/01/20-22:16,21.0,"419,185","687,374","821,404",45,27,1.0000
2021/01/20-22:17,21.3,"431,910","701,116","835,173",45,26,1.0000
2021/01/20-22:18,18.3,"361,930","604,343","726,766",41,23,0.9994
2021/01/20-22:19,18.9,"377,809","624,984","749,403",42,23,0.9994
2021/01/20-22:20,19.6,"395,044","647,737","774,470",42,23,0.9994
2021/01/20-22:21,20.3,"411,811","669,482","798,302",43,23,0.9994
2021/01/20-22:22,21.0,"429,892","693,081","824,216",43,24,0.9998
2021/01/20-22:23,13.6,"274,426","481,454","589,037",41,23,0.9994
2021/01/20-22:24,14.3,"288,422","500,969","610,867",42,26,1.0000
2021/01/20-22:25,15.1,"302,864","520,930","633,142",43,26,1.0000
2021/01/20-22:26,15.3,"311,407","531,745","644,910",43,28,1.0000
2021/01/20-22:27,16.1,"326,477","552,333","667,813",43,25,0.9999
2021/01/20-22:28,12.4,"232,074","429,472","533,017",41,25,0.9999
2021/01/20-22:29,13.1,"232,381","428,739","531,449",41,24,0.9998
2021/01/20-22:30,13.8,"245,567","447,336","552,315",42,24,0.9998
2021/01/20-22:31,13.9,"246,400","448,710","553,916",42,25,0.9999
2021/01/20-22:32,14.6,"260,066","467,787","575,261",42,24,0.9998
2021/01/20-22:33,15.3,"274,168","487,300","597,043",43,25,0.9999
2021/01/20-22:34,16.0,"288,707","507,249","619,261",43,25,0.9999
2021/01/20-22:35,16.7,"303,682","527,634","641,915",44,25,0.9999
2021/01/20-22:36,17.3,"318,294","547,224","663,592",44,25,0.9999
2021/01/20-22:37,18.0,"334,219","568,668","687,351",44,27,1.0000
2021/01/20-22:38,17.9,"336,276","569,967","688,332",43,24,0.9998
2021/01/20-22:39,18.6,"352,585","591,795","712,475",43,25,0.9999
2021/01/20-22:40,19.3,"369,339","614,068","737,062",44,25,0.9999
2021/01/20-22:41,20.0,"386,018","635,941","761,113",44,26,1.0000
2021/01/20-22:42,20.7,"403,636","659,077","786,564",44,26,1.0000
2021/01/20-22:43,16.7,"294,098","519,349","634,175",41,24,0.9998
2021/01/20-22:44,17.4,"309,727","540,496","657,637",42,24,0.9998
2021/01/20-22:45,18.1,"325,800","562,089","681,543",43,24,0.9998
2021/01/20-22:46,18.5,"338,279","577,814","698,630",42,23,0.9994
2021/01/20-22:47,19.2,"355,060","600,113","723,243",43,25,0.9999
2021/01/20-22:48,17.1,"313,820","542,425","658,658",41,22,0.9982
2021/01/20-22:49,17.8,"329,719","563,843","682,390",42,23,0.9994
2021/01/20-22:50,18.5,"346,063","585,706","706,567",43,22,0.9982
2021/01/20-22:51,19.0,"359,787","605,014","728,616",43,23,0.9994
2021/01/20-22:52,19.7,"376,864","627,609","753,526",44,25,0.9999
2021/01/20-22:53,10.9,"188,977","372,026","469,154",40,22,0.9982
2021/01/20-22:54,11.6,"201,090","389,549","488,946",41,22,0.9982
2021/01/20-22:55,12.2,"211,822","402,813","502,873",41,20,0.9941
2021/01/20-22:56,12.7,"222,583","417,794","519,624",41,23,0.9994
2021/01/20-22:57,13.4,"235,726","436,240","540,293",42,24,0.9998
2021/01/20-22:58,10.7,"179,344","359,189","454,575",40,22,0.9982
2021/01/20-22:59,11.4,"191,248","376,396","474,005",40,22,0.9982
2021/01/20-23:00,12.1,"203,579","394,030","493,863",41,22,0.9982
2021/01/20-23:01,12.3,"208,295","400,477","501,036",41,23,0.9994
2021/01/20-23:02,13.0,"221,866","421,363","525,389",42,22,0.9982
2021/01/20-23:03,13.7,"235,192","439,992","546,241",42,22,0.9982
2021/01/20-23:04,14.4,"248,947","459,048","567,521",43,23,0.9994
2021/01/20-23:05,15.0,"263,128","478,532","589,228",43,23,0.9994
2021/01/20-23:06,15.4,"272,523","490,524","602,310",42,23,0.9994
2021/01/20-23:07,16.1,"287,342","510,645","624,654",43,24,0.9998
2021/01/20-23:08,16.2,"293,373","517,650","632,067",42,23,0.9994
2021/01/20-23:09,16.1,"287,682","509,080","621,891",41,22,0.9982
2021/01/20-23:10,16.7,"302,824","529,417","644,406",42,22,0.9982
2021/01/20-23:11,17.3,"317,343","548,481","665,376",42,23,0.9994
2021/01/20-23:12,18.0,"333,271","569,603","688,676",42,23,0.9994
2021/01/20-23:13,15.9,"289,299","511,347","624,431",40,22,0.9982
2021/01/20-23:14,16.6,"304,494","531,736","646,998",40,22,0.9982
2021/01/20-23:15,17.3,"320,108","552,544","669,984",41,22,0.9982
2021/01/20-23:16,17.5,"330,537","565,029","683,331",40,21,0.9968
2021/01/20-23:17,17.8,"339,562","576,002","695,121",40,21,0.9968
2021/01/20-23:18,15.9,"303,453","525,609","638,738",38,19,0.9893
2021/01/20-23:19,16.6,"316,058","540,097","653,616",38,19,0.9893
2021/01/20-23:20,17.3,"331,463","560,588","676,240",39,19,0.9893
2021/01/20-23:21,17.7,"344,543","577,130","694,234",39,20,0.9941
2021/01/20-23:22,18.4,"360,750","598,531","717,813",39,20,0.9941
2021/01/20-23:23,12.4,"237,470","428,505","528,183",37,21,0.9968
2021/01/20-23:24,13.0,"250,326","446,555","548,412",38,21,0.9968
2021/01/20-23:25,13.7,"263,601","465,024","569,059",39,20,0.9941
2021/01/20-23:26,14.1,"273,429","477,882","583,187",39,21,0.9968
2021/01/20-23:27,14.8,"287,367","497,014","604,498",40,20,0.9941
2021/01/20-23:28,12.5,"240,351","432,359","532,446",38,21,0.9968
2021/01/20-23:29,13.2,"253,286","450,488","552,753",39,21,0.9968
2021/01/20-23:30,13.8,"266,639","469,036","573,479",40,22,0.9982
2021/01/20-23:31,14.2,"274,543","479,428","584,915",40,24,0.9998
2021/01/20-23:32,14.8,"288,516","498,596","606,261",41,23,0.9994
2021/01/20-23:33,15.5,"303,020","518,402","628,291",41,23,0.9994
2021/01/20-23:34,16.2,"317,953","538,637","650,749",42,24,0.9998
2021/01/20-23:35,16.9,"333,312","559,299","673,635",42,24,0.9998
2021/01/20-23:36,17.3,"344,798","573,922","689,574",42,24,0.9998
2021/01/20-23:37,17.9,"360,838","595,265","713,140",42,23,0.9994
2021/01/20-23:38,18.1,"370,181","606,123","724,633",41,23,0.9994
2021/01/20-23:39,18.8,"386,771","628,015","748,749",41,22,0.9982
2021/01/20-23:40,19.5,"403,789","650,335","773,293",42,23,0.9994
2021/01/20-23:41,20.1,"420,192","671,392","796,301",42,22,0.9982
2021/01/20-23:42,20.8,"438,013","694,515","821,647",42,23,0.9994
2021/01/20-23:43,17.5,"354,002","586,590","703,694",40,21,0.9968
2021/01/20-23:44,18.2,"370,322","608,212","727,539",40,22,0.9982
2021/01/20-23:45,18.9,"387,069","630,261","751,812",41,22,0.9982
2021/01/20-23:46,19.4,"401,769","648,856","772,041",41,21,0.9968
2021/01/20-23:47,20.1,"419,258","671,648","797,056",41,21,0.9968
2021/01/20-23:48,17.4,"359,368","591,089","707,830",39,19,0.9893
2021/01/20-23:49,18.1,"375,617","612,641","731,606",40,19,0.9893
2021/01/20-23:50,18.8,"392,295","634,621","755,809",41,19,0.9893
2021/01/20-23:51,19.5,"409,400","657,029","780,440",41,19,0.9893
2021/01/20-23:52,20.2,"426,933","679,864","805,499",42,20,0.9941
2021/01/20-23:53,11.9,"218,607","407,044","505,634",38,18,0.9807
2021/01/20-23:54,12.6,"231,366","425,106","525,919",39,22,0.9982
2021/01/20-23:55,13.2,"244,553","443,595","546,632",40,20,0.9941
2021/01/20-23:56,13.5,"250,473","451,247","555,009",41,19,0.9893
2021/01/20-23:57,14.1,"264,227","470,303","576,289",41,21,0.9968
2021/01/20-23:58,11.5,"200,602","386,010","483,328",39,21,0.9968
2021/01/20-23:59,12.2,"213,117","403,827","503,369",40,21,0.9968
2021/01/21-00:00,12.8,"226,059","422,072","523,838",41,21,0.9968
2021/01/21-00:01,13.3,"235,475","432,721","534,605",40,22,0.9982
2021/01/21-00:02,13.9,"248,995","451,435","555,497",41,22,0.9982
2021/01/21-00:03,14.6,"263,605","473,252","580,735",41,22,0.9982
2021/01/21-00:04,15.3,"277,962","492,803","602,465",42,24,0.9998
2021/01/21-00:05,15.9,"292,738","512,773","624,613",42,23,0.9994
2021/01/21-00:06,16.3,"303,648","528,725","643,079",42,22,0.9982
2021/01/21-00:07,17.0,"319,087","549,359","665,891",43,23,0.9994
2021/01/21-00:08,16.8,"318,880","547,745","663,687",42,22,0.9982
2021/01/21-00:09,17.5,"334,625","568,684","686,804",42,23,0.9994
2021/01/21-00:10,18.1,"350,788","590,042","710,340",42,23,0.9994
2021/01/21-00:11,18.8,"366,850","610,972","733,313",43,24,0.9998
2021/01/21-00:12,19.4,"384,497","635,826","761,588",43,23,0.9994
2021/01/21-00:13,17.2,"332,828","566,627","685,038",40,20,0.9941
2021/01/21-00:14,17.8,"348,808","587,802","708,391",40,20,0.9941
2021/01/21-00:15,18.5,"365,207","609,395","732,162",41,20,0.9941
2021/01/21-00:16,19.1,"380,461","628,978","753,560",41,21,0.9968
2021/01/21-00:17,19.7,"397,629","651,339","778,099",42,22,0.9982
2021/01/21-00:18,17.5,"354,006","590,186","709,595",40,20,0.9941
2021/01/21-00:19,18.2,"370,178","611,552","733,139",40,20,0.9941
2021/01/21-00:20,18.8,"386,769","633,337","757,103",41,20,0.9941
2021/01/21-00:21,18.8,"391,259","637,286","760,825",40,21,0.9968
2021/01/21-00:22,19.4,"408,225","659,447","785,163",41,20,0.9941
2021/01/21-00:23,11.3,"218,422","406,665","505,972",39,22,0.9982
2021/01/21-00:24,12.0,"230,729","424,166","525,650",40,21,0.9968
2021/01/21-00:25,12.7,"243,454","442,085","545,748",40,20,0.9941
2021/01/21-00:26,13.0,"251,382","452,718","557,516",41,23,0.9994
2021/01/21-00:27,13.7,"264,744","471,275","578,250",41,23,0.9994
2021/01/21-00:28,9.8,"167,304","345,332","440,754",39,21,0.9968
2021/01/21-00:29,10.3,"176,981","357,433","453,472",39,21,0.9968
2021/01/21-00:30,11.0,"188,547","374,084","472,256",40,21,0.9968
2021/01/21-00:31,11.2,"193,484","380,320","479,037",40,21,0.9968
2021/01/21-00:32,11.8,"206,237","400,171","502,264",40,21,0.9968
2021/01/21-00:33,12.5,"218,727","417,748","521,973",41,22,0.9982
2021/01/21-00:34,12.9,"227,968","428,330","532,719",40,21,0.9968
2021/01/21-00:35,13.5,"241,139","446,587","553,109",41,22,0.9982
2021/01/21-00:36,14.1,"253,808","463,801","572,229",41,22,0.9982
2021/01/21-00:37,14.8,"267,869","483,056","593,661",41,21,0.9968
2021/01/21-00:38,15.1,"276,778","494,130","605,643",40,22,0.9982
2021/01/21-00:39,15.7,"291,432","513,978","627,669",41,22,0.9982
2021/01/21-00:40,16.4,"306,505","534,245","650,114",41,22,0.9982
2021/01/21-00:41,16.9,"320,433","552,393","670,033",41,22,0.9982
2021/01/21-00:42,17.6,"336,265","573,419","693,237",41,22,0.9982
2021/01/21-00:43,15.0,"274,822","491,308","602,458",39,21,0.9968
2021/01/21-00:44,15.6,"289,518","511,307","624,680",40,21,0.9968
2021/01/21-00:45,16.3,"304,643","531,733","647,330",41,22,0.9982
2021/01/21-00:46,16.8,"317,719","548,705","665,936",41,24,0.9998
2021/01/21-00:47,17.5,"333,585","569,873","689,327",42,24,0.9998
2021/01/21-00:48,15.3,"289,341","510,220","623,612",40,21,0.9968
2021/01/21-00:49,15.9,"304,230","530,411","646,027",41,21,0.9968
2021/01/21-00:50,16.6,"319,546","551,030","668,869",41,21,0.9968
2021/01/21-00:51,16.7,"325,337","557,254","675,274",41,23,0.9994
2021/01/21-00:52,17.4,"341,116","578,334","698,579",42,22,0.9982
2021/01/21-00:53,12.4,"231,779","430,043","533,950",40,22,0.9982
2021/01/21-00:54,12.6,"236,241","434,331","537,767",40,25,0.9999
2021/01/21-00:55,13.3,"249,342","452,626","558,240",40,24,0.9998
2021/01/21-00:56,13.7,"259,907","466,762","573,874",41,24,0.9998
2021/01/21-00:57,14.4,"273,715","485,764","595,053",41,24,0.9998
2021/01/21-00:58,12.1,"226,732","421,251","523,189",39,24,0.9998
2021/01/21-00:59,12.8,"239,657","439,478","543,640",40,24,0.9998
2021/01/21-01:00,13.5,"253,682","460,818","568,447",41,24,0.9998
2021/01/21-01:01,13.9,"263,596","473,870","582,815",41,26,1.0000
2021/01/21-01:02,14.6,"277,629","493,206","604,374",42,25,0.9999
2021/01/21-01:03,15.3,"292,203","513,190","626,627",42,25,0.9999
2021/01/21-01:04,16.0,"307,213","533,610","649,317",43,25,0.9999
2021/01/21-01:05,16.7,"322,659","554,467","672,442",43,24,0.9998
2021/01/21-01:06,17.2,"335,151","570,747","690,310",43,25,0.9999
2021/01/21-01:07,17.8,"351,339","592,345","714,177",43,24,0.9998
2021/01/21-01:08,17.9,"356,487","597,601","719,479",42,24,0.9998
2021/01/21-01:09,18.6,"373,120","619,645","743,791",42,24,0.9998
2021/01/21-01:10,19.2,"390,189","642,125","768,540",43,24,0.9998
2021/01/21-01:11,19.5,"400,133","653,692","780,788",42,24,0.9998
2021/01/21-01:12,20.2,"417,770","676,739","806,104",42,24,0.9998
2021/01/21-01:13,17.9,"374,634","616,289","738,394",41,23,0.9994
2021/01/21-01:14,18.6,"391,310","638,376","762,750",42,24,0.9998
2021/01/21-01:15,19.3,"408,423","660,900","787,542",42,24,0.9998
2021/01/21-01:16,19.8,"423,237","679,501","807,731",42,24,0.9998
2021/01/21-01:17,20.5,"441,092","702,766","833,266",43,23,0.9994
2021/01/21-01:18,18.3,"398,174","642,535","765,774",41,22,0.9982
2021/01/21-01:19,19.0,"415,181","665,061","790,614",42,22,0.9982
2021/01/21-01:20,19.7,"432,634","688,032","815,900",42,22,0.9982
2021/01/21-01:21,20.1,"446,665","705,418","834,692",42,23,0.9994
2021/01/21-01:22,20.8,"464,833","729,105","860,693",43,24,0.9998
2021/01/21-01:23,9.6,"163,300","340,137","435,060",41,23,0.9994
2021/01/21-01:24,10.3,"174,862","357,218","454,455",42,24,0.9998
2021/01/21-01:25,11.0,"186,869","374,744","474,295",43,24,0.9998
2021/01/21-01:26,11.0,"188,674","376,657","476,254",42,23,0.9994
2021/01/21-01:27,11.8,"201,135","394,637","496,548",43,25,0.9999
2021/01/21-01:28,9.7,"156,619","333,998","429,148",41,23,0.9994
2021/01/21-01:29,10.4,"168,225","351,122","448,586",42,24,0.9998
2021/01/21-01:30,11.1,"180,948","371,376","472,398",43,24,0.9998
2021/01/21-01:31,11.8,"192,644","388,158","491,313",44,26,1.0000
2021/01/21-01:32,12.5,"205,662","406,804","512,318",44,26,1.0000
2021/01/21-01:33,13.2,"219,134","425,903","533,777",45,26,1.0000
2021/01/21-01:34,13.9,"233,060","445,456","555,689",45,25,0.9999
2021/01/21-01:35,14.6,"247,440","465,463","578,056",46,26,1.0000
2021/01/21-01:36,15.1,"258,190","479,675","593,720",45,26,1.0000
2021/01/21-01:37,15.8,"273,303","500,415","616,820",46,25,0.9999
2021/01/21-01:38,16.0,"280,308","508,719","625,668",44,25,0.9999
2021/01/21-01:39,16.7,"295,980","530,017","649,326",45,26,1.0000
2021/01/21-01:40,17.4,"312,105","551,769","673,438",45,25,0.9999
2021/01/21-01:41,18.1,"328,163","573,129","697,022",45,25,0.9999
2021/01/21-01:42,18.8,"345,169","595,763","722,015",46,26,1.0000
2021/01/21-01:43,17.0,"310,165","546,907","667,351",43,24,0.9998
2021/01/21-01:44,17.8,"327,180","571,562","695,609",44,23,0.9994
2021/01/21-01:45,18.5,"344,649","596,671","724,321",45,24,0.9998
2021/01/21-01:46,18.6,"352,252","605,139","733,152",44,24,0.9998
2021/01/21-01:47,19.3,"369,572","628,087","758,459",45,25,0.9999
2021/01/21-01:48,16.8,"319,771","558,591","680,705",43,22,0.9982
2021/01/21-01:49,17.5,"335,957","580,404","704,878",44,23,0.9994
2021/01/21-01:50,18.2,"352,597","602,671","729,504",44,23,0.9994
2021/01/21-01:51,18.4,"362,088","613,677","741,146",44,22,0.9982
2021/01/21-01:52,19.2,"379,304","636,520","766,348",45,23,0.9994
2021/01/21-01:53,12.0,"230,836","431,999","538,321",43,24,0.9998
2021/01/21-01:54,12.6,"243,014","449,047","557,411",43,22,0.9982
2021/01/21-01:55,13.3,"256,556","468,216","578,939",44,21,0.9968
2021/01/21-01:56,13.8,"266,904","482,026","594,202",44,24,0.9998
2021/01/21-01:57,14.5,"281,851","504,613","620,392",45,25,0.9999
2021/01/21-01:58,11.1,"204,385","401,176","506,064",43,25,0.9999
2021/01/21-01:59,11.9,"217,019","419,437","526,685",44,25,0.9999
2021/01/21-02:00,12.6,"230,107","438,153","547,760",45,25,0.9999
2021/01/21-02:01,13.0,"237,069","445,483","554,845",44,25,0.9999
2021/01/21-02:02,13.7,"250,803","464,844","576,566",45,26,1.0000
2021/01/21-02:03,14.4,"264,991","484,658","598,740",45,26,1.0000
2021/01/21-02:04,15.1,"279,633","504,927","621,368",45,25,0.9999
2021/01/21-02:05,15.9,"294,728","525,649","644,450",46,26,1.0000
2021/01/21-02:06,16.4,"308,453","543,919","664,626",46,27,1.0000
2021/01/21-02:07,17.1,"324,369","565,462","688,528",46,27,1.0000
2021/01/21-02:08,17.3,"333,515","576,664","700,593",45,25,0.9999
2021/01/21-02:09,18.1,"350,051","598,826","725,115",45,25,0.9999
2021/01/21-02:10,18.5,"361,571","611,472","737,833",45,24,0.9998
2021/01/21-02:11,19.1,"377,658","632,429","760,832",45,24,0.9998
2021/01/21-02:12,19.8,"395,181","655,470","786,187",45,24,0.9998
2021/01/21-02:13,18.0,"352,829","599,159","724,023",43,22,0.9982
2021/01/21-02:14,18.7,"369,671","621,520","748,698",43,22,0.9982
2021/01/21-02:15,19.4,"387,070","644,546","774,084",44,23,0.9994
2021/01/21-02:16,20.1,"403,472","665,817","797,397",44,23,0.9994
2021/01/21-02:17,20.8,"421,830","689,910","823,895",45,23,0.9994
2021/01/21-02:18,18.2,"370,698","618,543","744,042",42,21,0.9968
2021/01/21-02:19,18.9,"387,887","641,467","769,371",43,22,0.9982
2021/01/21-02:20,19.7,"406,210","667,538","799,091",45,23,0.9994
2021/01/21-02:21,19.9,"415,541","678,817","811,186",45,24,0.9998
2021/01/21-02:22,20.7,"433,812","702,823","837,597",46,25,0.9999
2021/01/21-02:23,12.9,"260,369","468,890","578,298",43,22,0.9982
2021/01/21-02:24,13.6,"274,224","488,481","600,293",44,22,0.9982
2021/01/21-02:25,14.4,"288,542","508,534","622,751",45,25,0.9999
2021/01/21-02:26,14.9,"299,018","522,797","638,603",46,25,0.9999
2021/01/21-02:27,15.6,"314,104","543,618","661,829",46,24,0.9998
2021/01/21-02:28,13.4,"268,556","481,189","592,322",44,24,0.9998
2021/01/21-02:29,14.2,"282,855","501,332","614,915",45,24,0.9998
2021/01/21-02:30,14.9,"297,626","521,946","637,979",46,25,0.9999
2021/01/21-02:31,15.3,"305,869","532,787","649,909",46,26,1.0000
2021/01/21-02:32,16.0,"321,321","554,081","673,654",46,26,1.0000
2021/01/21-02:33,16.8,"337,243","575,847","697,870",47,27,1.0000
2021/01/21-02:34,17.5,"353,637","598,085","722,558",47,27,1.0000
2021/01/21-02:35,18.3,"370,502","620,793","747,717",48,26,1.0000
2021/01/21-02:36,18.7,"382,882","636,852","765,319",47,27,1.0000
2021/01/21-02:37,19.1,"393,342","649,909","779,464",47,26,1.0000
2021/01/21-02:38,19.4,"404,179","663,019","793,527",46,25,0.9999
2021/01/21-02:39,20.1,"422,205","686,888","819,847",47,25,0.9999
2021/01/21-02:40,20.9,"440,702","711,228","846,638",47,26,1.0000
2021/01/21-02:41,21.5,"458,628","734,349","871,936",47,26,1.0000
2021/01/21-02:42,22.3,"478,016","759,579","899,617",48,26,1.0000
2021/01/21-02:43,19.6,"410,171","670,525","801,669",44,23,0.9994
2021/01/21-02:44,20.3,"428,319","694,517","828,111",45,24,0.9998
2021/01/21-02:45,21.1,"446,938","718,979","855,024",46,24,0.9998
2021/01/21-02:46,21.8,"466,029","743,913","882,408",47,24,0.9998
2021/01/21-02:47,22.6,"486,262","772,003","914,192",47,24,0.9998
2021/01/21-02:48,20.0,"437,170","702,999","836,839",45,22,0.9982
2021/01/21-02:49,20.8,"455,597","727,270","863,560",46,23,0.9994
2021/01/21-02:50,21.5,"474,495","752,012","890,752",46,23,0.9994
2021/01/21-02:51,21.8,"486,286","765,858","905,461",46,23,0.9994
2021/01/21-02:52,22.5,"512,038","802,280","946,756",48,23,0.9994
2021/01/21-02:53,12.0,"233,244","441,787","552,002",45,24,0.9998
2021/01/21-02:54,12.8,"246,783","461,278","573,989",46,24,0.9998
2021/01/21-02:55,13.6,"260,802","481,249","596,456",47,23,0.9994
2021/01/21-02:56,13.6,"261,343","481,790","596,997",47,23,0.9994
2021/01/21-02:57,14.3,"275,843","502,240","619,943",48,24,0.9998
2021/01/21-02:58,10.5,"178,929","375,569","480,793",46,23,0.9994
2021/01/21-02:59,11.3,"191,508","394,100","501,820",47,24,0.9998
2021/01/21-03:00,12.0,"205,240","415,796","527,254",48,25,0.9999
2021/01/21-03:01,12.5,"214,001","427,803","540,624",48,23,0.9994
2021/01/21-03:02,13.2,"227,802","447,556","562,872",48,25,0.9999
2021/01/21-03:03,14.0,"242,084","467,789","585,601",49,25,0.9999
2021/01/21-03:04,14.8,"256,845","488,502","608,809",49,25,0.9999
2021/01/21-03:05,15.5,"272,086","509,694","632,498",50,25,0.9999
2021/01/21-03:06,16.1,"285,743","529,693","655,554",49,24,0.9998
2021/01/21-03:07,16.6,"299,880","550,171","679,091",49,24,0.9998
2021/01/21-03:08,17.2,"314,956","572,021","704,181",49,24,0.9998
2021/01/21-03:09,18.0,"331,759","594,776","729,432",50,24,0.9998
2021/01/21-03:10,18.8,"349,042","618,010","755,162",50,25,0.9999
2021/01/21-03:11,19.4,"364,852","638,581","777,730",50,25,0.9999
2021/01/21-03:12,20.1,"382,999","662,679","804,324",50,25,0.9999
2021/01/21-03:13,17.2,"326,241","583,197","715,312",47,24,0.9998
2021/01/21-03:14,18.0,"343,253","606,161","740,772",48,26,1.0000
2021/01/21-03:15,18.8,"360,746","629,605","766,712",49,25,0.9999
2021/01/21-03:16,19.4,"376,894","650,623","789,772",49,26,1.0000
2021/01/21-03:17,20.1,"395,260","674,940","816,585",49,25,0.9999
2021/01/21-03:18,16.4,"313,278","564,175","693,749",47,23,0.9994
2021/01/21-03:19,17.2,"330,586","589,556","722,914",48,25,0.9999
2021/01/21-03:20,18.0,"347,712","612,741","748,640",49,25,0.9999
2021/01/21-03:21,18.4,"359,547","627,606","764,776",49,23,0.9994
2021/01/21-03:22,19.2,"377,405","651,524","791,235",50,24,0.9998
2021/01/21-03:23,10.8,"195,640","404,508","516,856",48,25,0.9999
2021/01/21-03:24,11.6,"208,837","423,873","538,808",49,27,1.0000
2021/01/21-03:25,12.4,"222,532","443,736","561,257",50,25,0.9999
2021/01/21-03:26,12.6,"225,938","448,982","567,274",50,25,0.9999
2021/01/21-03:27,13.2,"237,002","462,577","581,533",50,25,0.9999
2021/01/21-03:28,10.8,"186,997","394,285","505,572",48,25,0.9999
2021/01/21-03:29,11.6,"200,117","413,465","527,292",48,25,0.9999
2021/01/21-03:30,12.4,"213,725","433,133","549,502",49,26,1.0000
2021/01/21-03:31,12.7,"221,699","443,595","561,008",49,26,1.0000
2021/01/21-03:32,13.5,"236,109","464,173","584,173",49,25,0.9999
2021/01/21-03:33,14.3,"251,017","485,249","607,835",50,25,0.9999
2021/01/21-03:34,15.1,"266,422","506,822","631,995",50,25,0.9999
2021/01/21-03:35,15.9,"282,325","528,893","656,652",50,26,1.0000
2021/01/21-03:36,16.4,"294,422","544,994","674,432",50,25,0.9999
2021/01/21-03:37,17.2,"311,258","568,106","700,176",50,26,1.0000
2021/01/21-03:38,17.9,"326,697","588,739","722,987",50,25,0.9999
2021/01/21-03:39,18.7,"344,683","613,218","750,188",51,26,1.0000
2021/01/21-03:40,19.5,"363,192","638,219","777,913",51,26,1.0000
2021/01/21-03:41,20.1,"376,747","655,778","797,151",51,26,1.0000
2021/01/21-03:42,20.9,"396,103","681,627","825,722",51,26,1.0000
2021/01/21-03:43,19.0,"360,799","633,727","772,940",50,25,0.9999
2021/01/21-03:44,19.8,"379,500","658,921","800,856",51,26,1.0000
2021/01/21-03:45,20.7,"399,397","687,323","833,224",52,27,1.0000
2021/01/21-03:46,21.4,"417,321","710,658","858,828",53,26,1.0000
2021/01/21-03:47,22.2,"437,506","737,336","888,228",53,26,1.0000
2021/01/21-03:48,19.2,"378,397","654,853","795,944",51,25,0.9999
2021/01/21-03:49,20.0,"397,220","680,169","823,983",52,26,1.0000
2021/01/21-03:50,20.9,"416,680","706,229","852,811",53,27,1.0000
2021/01/21-03:51,21.4,"430,803","724,248","872,464",53,28,1.0000
2021/01/21-03:52,22.2,"451,109","751,155","902,139",53,28,1.0000
2021/01/21-03:53,13.5,"256,193","487,849","610,154",51,27,1.0000
2021/01/21-03:54,14.3,"271,516","509,773","634,846",52,27,1.0000
2021/01/21-03:55,15.2,"287,371","532,230","660,070",53,27,1.0000
2021/01/21-03:56,15.9,"301,935","552,312","682,467",53,25,0.9999
2021/01/21-03:57,16.7,"318,768","575,746","708,669",54,27,1.0000
2021/01/21-03:58,13.6,"246,192","478,931","601,689",51,27,1.0000
2021/01/21-03:59,14.4,"262,274","503,627","630,396",53,28,1.0000
2021/01/21-04:00,15.3,"278,217","526,170","655,708",53,29,1.0000
2021/01/21-04:01,16.1,"293,780","547,793","679,872",54,28,1.0000
2021/01/21-04:02,16.9,"307,467","564,445","697,368",54,27,1.0000
2021/01/21-04:03,17.8,"324,719","588,190","723,836",54,28,1.0000
2021/01/21-04:04,18.6,"342,496","612,459","750,827",54,27,1.0000
2021/01/21-04:05,19.4,"360,795","637,251","778,342",55,28,1.0000
2021/01/21-04:06,19.4,"364,703","641,376","782,557",53,28,1.0000
2021/01/21-04:07,20.3,"383,544","666,709","810,614",54,27,1.0000
2021/01/21-04:08,21.0,"400,893","689,361","835,489",54,28,1.0000
2021/01/21-04:09,21.8,"421,357","718,330","868,424",54,28,1.0000
2021/01/21-04:10,22.6,"441,673","745,138","897,955",55,29,1.0000
2021/01/21-04:11,22.0,"426,231","724,827","875,602",53,27,1.0000
2021/01/21-04:12,22.8,"446,678","751,766","905,264",53,28,1.0000
2021/01/21-04:13,19.9,"381,515","663,988","808,001",51,27,1.0000
2021/01/21-04:14,20.8,"400,774","689,847","836,629",52,28,1.0000
2021/01/21-04:15,21.6,"420,565","716,239","865,789",53,29,1.0000
2021/01/21-04:16,22.4,"439,437","740,955","892,955",53,28,1.0000
2021/01/21-04:17,23.2,"460,345","768,571","923,385",54,27,1.0000
2021/01/21-04:18,20.8,"411,840","700,805","847,541",52,26,1.0000
2021/01/21-04:19,21.6,"431,735","727,409","876,959",53,27,1.0000
2021/01/21-04:20,22.5,"452,171","754,554","906,917",54,27,1.0000
2021/01/21-04:21,23.1,"469,064","775,992","930,261",54,29,1.0000
2021/01/21-04:22,23.7,"487,131","797,132","952,291",54,30,1.0000
2021/01/21-04:23,13.9,"267,097","502,541","626,433",51,27,1.0000
2021/01/21-04:24,14.8,"281,082","520,357","645,456",51,29,1.0000
2021/01/21-04:25,15.6,"297,069","542,837","670,659",52,29,1.0000
2021/01/21-04:26,16.0,"306,322","555,011","684,059",52,28,1.0000
2021/01/21-04:27,16.8,"323,068","578,250","710,020",53,28,1.0000
2021/01/21-04:28,13.1,"236,299","462,264","581,782",50,27,1.0000
2021/01/21-04:29,13.9,"251,213","483,671","605,912",51,28,1.0000
2021/01/21-04:30,14.8,"266,763","505,822","630,831",52,28,1.0000
2021/01/21-04:31,15.5,"281,934","527,052","654,602",53,27,1.0000
2021/01/21-04:32,16.4,"298,505","550,224","680,542",53,29,1.0000
2021/01/21-04:33,17.2,"315,608","573,928","707,014",54,28,1.0000
2021/01/21-04:34,18.1,"333,244","598,164","734,019",54,29,1.0000
2021/01/21-04:35,18.9,"351,412","622,933","761,556",55,28,1.0000
2021/01/21-04:36,19.6,"367,158","643,657","784,367",54,28,1.0000
2021/01/21-04:37,20.4,"386,260","669,360","812,838",55,29,1.0000
2021/01/21-04:38,20.4,"391,155","674,363","817,886",53,28,1.0000
2021/01/21-04:39,21.3,"410,797","700,607","846,898",54,29,1.0000
2021/01/21-04:40,22.1,"431,085","727,603","876,708",54,28,1.0000
2021/01/21-04:41,22.9,"450,351","752,604","904,114",54,29,1.0000
2021/01/21-04:42,23.7,"471,642","780,605","934,928",55,29,1.0000
2021/01/21-04:43,20.6,"402,176","686,467","830,444",51,26,1.0000
2021/01/21-04:44,21.4,"422,019","713,018","859,809",52,27,1.0000
2021/01/21-04:45,22.3,"442,403","740,111","889,715",53,28,1.0000
2021/01/21-04:46,23.1,"462,416","766,292","918,483",54,29,1.0000
2021/01/21-04:47,23.9,"483,838","794,423","949,427",54,27,1.0000
2021/01/21-04:48,20.0,"391,083","671,261","813,514",51,26,1.0000
2021/01/21-04:49,20.9,"410,594","697,482","842,548",52,27,1.0000
2021/01/21-04:50,21.8,"430,646","724,243","872,122",53,28,1.0000
2021/01/21-04:51,22.3,"446,915","746,528","897,330",54,27,1.0000
2021/01/21-04:52,23.1,"467,831","774,153","927,769",54,28,1.0000
2021/01/21-04:53,13.1,"238,380","467,007","588,040",52,29,1.0000
2021/01/21-04:54,13.8,"251,572","483,921","606,117",52,29,1.0000
2021/01/21-04:55,14.7,"267,113","506,063","631,027",53,28,1.0000
2021/01/21-04:56,15.4,"282,275","527,285","654,790",53,30,1.0000
2021/01/21-04:57,16.3,"298,837","550,448","680,721",54,29,1.0000
2021/01/21-04:58,13.4,"237,235","466,230","587,018",51,28,1.0000
2021/01/21-04:59,14.2,"252,506","488,101","611,658",52,28,1.0000
2021/01/21-05:00,15.1,"268,309","510,505","636,830",53,29,1.0000
2021/01/21-05:01,14.3,"250,739","481,660","602,458",50,26,1.0000
2021/01/21-05:02,15.1,"266,265","503,570","627,046",51,26,1.0000
2021/01/21-05:03,15.9,"282,305","525,995","652,148",51,27,1.0000
2021/01/21-05:04,16.7,"298,861","548,935","677,765",52,27,1.0000
2021/01/21-05:05,17.5,"315,931","572,390","703,897",52,27,1.0000
2021/01/21-05:06,18.2,"330,126","591,346","724,849",52,27,1.0000
2021/01/21-05:07,19.0,"348,095","615,699","751,880",53,27,1.0000
2021/01/21-05:08,19.7,"364,902","637,917","776,367",53,27,1.0000
2021/01/21-05:09,20.5,"383,823","663,222","804,349",53,27,1.0000
2021/01/21-05:10,21.3,"397,789","679,071","820,588",52,28,1.0000
2021/01/21-05:11,22.1,"416,904","704,138","848,152",53,28,1.0000
2021/01/21-05:12,22.9,"437,021","730,531","877,176",53,28,1.0000
2021/01/21-05:13,19.1,"354,432","618,725","753,118",48,26,1.0000
2021/01/21-05:14,19.9,"372,699","643,268","780,293",49,26,1.0000
2021/01/21-05:15,20.7,"391,472","668,317","807,974",50,27,1.0000
2021/01/21-05:16,21.1,"403,058","682,392","823,093",50,28,1.0000
2021/01/21-05:17,21.9,"422,537","708,148","851,481",50,27,1.0000
2021/01/21-05:18,18.5,"355,082","614,506","746,857",48,25,0.9999
2021/01/21-05:19,19.3,"373,628","641,341","777,567",49,25,0.9999
2021/01/21-05:20,20.1,"392,008","665,997","804,855",50,26,1.0000
2021/01/21-05:21,19.8,"390,955","660,442","797,013",49,26,1.0000
2021/01/21-05:22,20.6,"409,640","685,404","824,607",49,26,1.0000
2021/01/21-05:23,11.3,"216,178","421,821","531,619",47,24,0.9998
2021/01/21-05:24,12.1,"230,386","444,318","557,992",48,26,1.0000
2021/01/21-05:25,12.9,"244,429","464,637","580,943",49,28,1.0000
2021/01/21-05:26,13.6,"258,066","484,010","602,720",50,27,1.0000
2021/01/21-05:27,14.4,"273,078","505,297","626,640",51,28,1.0000
2021/01/21-05:28,11.5,"202,045","411,324","523,046",48,26,1.0000
2021/01/21-05:29,12.3,"215,712","431,268","545,622",49,26,1.0000
2021/01/21-05:30,13.1,"229,886","451,718","568,704",50,26,1.0000
2021/01/21-05:31,13.3,"235,744","459,523","577,325",50,25,0.9999
2021/01/21-05:32,14.2,"250,581","480,636","601,071",51,26,1.0000
2021/01/21-05:33,15.0,"265,924","502,255","625,322",51,26,1.0000
2021/01/21-05:34,15.8,"281,773","524,381","650,080",52,26,1.0000
2021/01/21-05:35,16.6,"298,129","547,013","675,343",52,27,1.0000
2021/01/21-05:36,17.2,"312,036","565,573","695,855",51,27,1.0000
2021/01/21-05:37,18.0,"329,273","589,086","722,000",52,27,1.0000
2021/01/21-05:38,18.5,"343,663","607,805","742,534",52,27,1.0000
2021/01/21-05:39,19.3,"361,755","632,173","769,534",52,26,1.0000
2021/01/21-05:40,20.1,"380,354","657,048","797,041",52,28,1.0000
2021/01/21-05:41,20.9,"398,937","681,583","824,071",53,27,1.0000
2021/01/21-05:42,21.7,"418,521","707,443","852,564",53,27,1.0000
2021/01/21-05:43,18.3,"351,171","613,906","748,045",48,25,0.9999
2021/01/21-05:44,19.2,"369,821","640,845","778,860",50,26,1.0000
2021/01/21-05:45,20.0,"388,306","665,606","806,253",50,26,1.0000
2021/01/21-05:46,20.5,"404,170","686,014","828,567",51,26,1.0000
2021/01/21-05:47,21.3,"423,527","711,648","856,832",51,27,1.0000
2021/01/21-05:48,17.2,"314,899","570,341","701,821",49,25,0.9999
2021/01/21-05:49,18.0,"332,128","593,845","727,957",50,25,0.9999
2021/01/21-05:50,18.6,"347,830","614,526","750,725",50,25,0.9999
2021/01/21-05:51,19.3,"364,255","636,252","774,675",50,26,1.0000
2021/01/21-05:52,20.1,"382,931","661,313","802,413",51,27,1.0000
2021/01/21-05:53,11.9,"212,991","427,204","541,394",49,25,0.9999
2021/01/21-05:54,12.7,"227,006","447,604","564,472",50,23,0.9994
2021/01/21-05:55,13.5,"241,650","468,740","588,331",51,27,1.0000
2021/01/21-05:56,13.9,"249,122","479,134","599,950",51,27,1.0000
2021/01/21-05:57,14.7,"264,525","501,030","624,568",52,25,0.9999
2021/01/21-05:58,12.6,"218,721","438,670","555,266",50,26,1.0000
2021/01/21-05:59,13.4,"233,312","459,753","579,072",51,27,1.0000
2021/01/21-06:00,14.3,"248,427","481,361","603,402",52,28,1.0000
2021/01/21-06:01,14.9,"261,111","498,914","622,997",52,28,1.0000
2021/01/21-06:02,15.7,"277,142","521,438","648,244",52,26,1.0000
2021/01/21-06:03,16.6,"293,696","544,485","674,013",53,29,1.0000
2021/01/21-06:04,17.4,"310,774","568,055","700,307",53,29,1.0000
2021/01/21-06:05,18.2,"328,376","592,150","727,124",54,28,1.0000
2021/01/21-06:06,18.9,"344,459","613,643","750,886",54,29,1.0000
2021/01/21-06:07,19.8,"363,021","638,698","778,663",54,28,1.0000
2021/01/21-06:08,20.1,"375,101","653,700","794,890",53,27,1.0000
2021/01/21-06:09,21.0,"394,422","679,513","823,427",54,29,1.0000
2021/01/21-06:10,21.8,"414,266","705,850","852,486",54,28,1.0000
2021/01/21-06:11,22.6,"434,634","732,711","882,070",54,29,1.0000
2021/01/21-06:12,22.7,"435,703","732,308","880,651",54,29,1.0000
2021/01/21-06:13,20.4,"391,327","669,752","810,471",50,27,1.0000
2021/01/21-06:14,21.2,"410,683","695,493","838,889",50,27,1.0000
2021/01/21-06:15,22.0,"430,667","721,970","868,089",51,28,1.0000
2021/01/21-06:16,22.7,"448,133","742,400","889,363",51,28,1.0000
2021/01/21-06:17,23.5,"468,929","769,581","919,221",51,28,1.0000
2021/01/21-06:18,20.1,"394,946","669,519","808,223",49,25,0.9999
2021/01/21-06:19,20.9,"414,154","695,111","836,493",49,25,0.9999
2021/01/21-06:20,21.8,"429,843","713,225","855,224",49,25,0.9999
2021/01/21-06:21,22.6,"449,812","739,469","884,100",50,27,1.0000
2021/01/21-06:22,23.4,"470,286","766,220","913,483",51,27,1.0000
2021/01/21-06:23,14.7,"277,187","505,490","624,391",47,28,1.0000
2021/01/21-06:24,15.5,"292,714","527,292","648,825",48,25,0.9999
2021/01/21-06:25,16.3,"308,746","549,601","673,766",49,26,1.0000
2021/01/21-06:26,17.1,"325,285","572,416","699,213",50,28,1.0000
2021/01/21-06:27,17.9,"342,330","595,737","725,166",51,26,1.0000
2021/01/21-06:28,15.3,"288,364","521,212","642,018",48,26,1.0000
2021/01/21-06:29,16.1,"304,257","543,381","666,820",49,27,1.0000
2021/01/21-06:30,16.9,"320,657","566,056","692,127",49,27,1.0000
2021/01/21-06:31,17.1,"325,559","572,257","698,873",50,26,1.0000
2021/01/21-06:32,17.9,"342,569","595,543","724,791",50,28,1.0000
2021/01/21-06:33,18.7,"360,085","619,336","751,215",51,26,1.0000
2021/01/21-06:34,19.5,"378,108","643,634","778,145",51,27,1.0000
2021/01/21-06:35,20.3,"396,636","668,439","805,582",52,28,1.0000
2021/01/21-06:36,21.0,"414,759","692,297","831,845",52,28,1.0000
2021/01/21-06:37,21.4,"427,082","707,650","848,469",52,28,1.0000
2021/01/21-06:38,21.8,"445,147","731,018","874,060",52,27,1.0000
2021/01/21-06:39,22.6,"465,316","757,463","903,137",52,28,1.0000
2021/01/21-06:40,23.4,"485,992","784,414","932,720",52,28,1.0000
2021/01/21-06:41,24.2,"506,652","811,026","961,828",53,28,1.0000
2021/01/21-06:42,25.0,"528,313","838,964","992,398",53,29,1.0000
2021/01/21-06:43,21.7,"447,332","731,795","874,248",48,25,0.9999
2021/01/21-06:44,22.5,"458,785","744,049","886,438",47,25,0.9999
2021/01/21-06:45,23.2,"478,954","770,387","915,362",48,26,1.0000
2021/01/21-06:46,24.0,"499,622","797,222","944,784",49,27,1.0000
2021/01/21-06:47,24.8,"520,787","824,555","974,703",50,28,1.0000
2021/01/21-06:48,22.3,"481,240","768,452","911,658",48,25,0.9999
2021/01/21-06:49,23.1,"501,567","794,947","940,739",48,25,0.9999
2021/01/21-06:50,23.9,"522,391","821,939","970,318",49,26,1.0000
2021/01/21-06:51,24.3,"539,518","844,758","995,923",49,25,0.9999
2021/01/21-06:52,23.9,"515,383","815,039","963,463",49,25,0.9999
2021/01/21-06:53,13.4,"269,094","487,160","601,369",46,25,0.9999
2021/01/21-06:54,14.2,"283,732","507,858","624,608",47,25,0.9999
2021/01/21-06:55,15.0,"298,859","529,044","648,336",48,24,0.9998
2021/01/21-06:56,15.8,"314,475","550,720","672,552",49,27,1.0000
2021/01/21-06:57,16.5,"330,579","572,884","697,257",49,26,1.0000
2021/01/21-06:58,14.4,"285,963","511,603","628,989",47,26,1.0000
2021/01/21-06:59,15.2,"301,212","532,912","652,838",47,27,1.0000
2021/01/21-07:00,15.9,"317,621","557,394","681,105",48,28,1.0000
2021/01/21-07:01,16.6,"331,806","576,556","702,354",49,27,1.0000
2021/01/21-07:02,17.4,"348,433","599,244","727,583",49,27,1.0000
2021/01/21-07:03,18.1,"365,550","622,420","753,301",50,27,1.0000
2021/01/21-07:04,18.9,"383,155","646,085","779,507",50,27,1.0000
2021/01/21-07:05,19.7,"401,249","670,238","806,202",50,28,1.0000
2021/01/21-07:06,20.5,"419,831","694,881","833,385",51,27,1.0000
2021/01/21-07:07,21.2,"438,903","720,012","861,057",51,28,1.0000
2021/01/21-07:08,21.7,"453,134","737,706","880,204",51,26,1.0000
2021/01/21-07:09,22.5,"472,973","763,605","908,644",51,27,1.0000
2021/01/21-07:10,23.2,"493,301","789,992","937,573",51,27,1.0000
2021/01/21-07:11,24.0,"514,118","816,869","966,990",52,28,1.0000
2021/01/21-07:12,24.8,"535,423","844,234","996,896",52,28,1.0000
2021/01/21-07:13,21.8,"460,444","740,189","880,264",46,25,0.9999
2021/01/21-07:14,22.6,"479,943","765,640","908,211",47,26,1.0000
2021/01/21-07:15,23.4,"499,923","791,572","936,638",47,26,1.0000
2021/01/21-07:16,24.0,"518,819","815,553","962,752",48,27,1.0000
2021/01/21-07:17,24.8,"539,688","842,375","992,069",48,27,1.0000
2021/01/21-07:18,20.1,"400,241","666,677","801,170",45,23,0.9994
2021/01/21-07:19,20.9,"418,667","691,055","828,043",46,24,0.9998
2021/01/21-07:20,21.6,"437,574","715,912","855,397",47,25,0.9999
2021/01/21-07:21,22.4,"456,960","741,250","883,231",48,24,0.9998
2021/01/21-07:22,23.2,"476,939","767,289","911,810",49,27,1.0000
2021/01/21-07:23,12.7,"245,607","454,367","564,673",45,25,0.9999
2021/01/21-07:24,13.5,"259,495","474,314","587,162",46,26,1.0000
2021/01/21-07:25,14.2,"273,871","494,750","610,139",47,25,0.9999
2021/01/21-07:26,14.8,"284,432","509,423","626,536",48,25,0.9999
2021/01/21-07:27,15.6,"299,629","530,680","650,334",49,25,0.9999
2021/01/21-07:28,11.8,"203,421","404,822","512,043",46,26,1.0000
2021/01/21-07:29,12.5,"216,715","424,176","533,938",47,26,1.0000
2021/01/21-07:30,13.3,"230,498","444,019","556,322",48,27,1.0000
2021/01/21-07:31,14.0,"244,170","463,426","578,134",48,27,1.0000
2021/01/21-07:32,14.8,"259,017","484,441","601,735",49,26,1.0000
2021/01/21-07:33,15.6,"274,361","505,953","625,834",50,27,1.0000
2021/01/21-07:34,16.4,"290,202","527,962","650,430",50,29,1.0000
2021/01/21-07:35,17.2,"306,541","550,469","675,523",50,28,1.0000
2021/01/21-07:36,18.0,"323,378","573,473","701,114",51,28,1.0000
2021/01/21-07:37,18.8,"340,711","596,975","727,203",51,29,1.0000
2021/01/21-07:38,19.0,"349,005","607,000","737,954",50,28,1.0000
2021/01/21-07:39,19.8,"366,976","631,139","764,679",51,26,1.0000
2021/01/21-07:40,20.6,"385,444","655,775","791,902",51,27,1.0000
2021/01/21-07:41,21.3,"403,368","679,218","817,659",51,27,1.0000
2021/01/21-07:42,20.4,"390,944","659,976","795,558",48,24,0.9998
2021/01/21-07:43,17.4,"331,998","581,228","708,506",47,26,1.0000
2021/01/21-07:44,18.2,"349,262","604,660","734,524",48,26,1.0000
2021/01/21-07:45,19.0,"367,023","628,589","761,040",49,27,1.0000
2021/01/21-07:46,19.6,"383,458","650,110","784,694",49,26,1.0000
2021/01/21-07:47,19.7,"390,153","657,671","792,618",48,25,0.9999
2021/01/21-07:48,18.4,"340,785","597,698","728,197",47,24,0.9998
2021/01/21-07:49,19.2,"358,668","621,749","754,836",48,25,0.9999
2021/01/21-07:50,20.0,"377,049","646,298","781,971",49,26,1.0000
2021/01/21-07:51,20.6,"393,103","667,113","804,782",49,27,1.0000
2021/01/21-07:52,20.6,"397,683","671,802","809,517",48,26,1.0000
2021/01/21-07:53,11.1,"203,105","403,641","510,498",46,24,0.9998
2021/01/21-07:54,11.9,"214,799","418,732","526,615",46,26,1.0000
2021/01/21-07:55,12.7,"228,460","438,453","548,877",47,27,1.0000
2021/01/21-07:56,13.4,"241,697","457,209","569,947",48,27,1.0000
2021/01/21-07:57,13.7,"249,047","466,506","580,062",47,25,0.9999
2021/01/21-07:58,10.7,"185,101","379,404","483,248",45,24,0.9998
2021/01/21-07:59,11.5,"197,985","398,348","504,733",46,25,0.9999
2021/01/21-08:00,12.2,"211,358","417,780","526,707",47,26,1.0000
2021/01/21-08:01,12.6,"218,439","427,674","537,781",48,25,0.9999
2021/01/21-08:02,13.0,"226,321","438,586","549,963",48,26,1.0000
2021/01/21-08:03,13.8,"240,653","458,979","572,897",48,26,1.0000
2021/01/21-08:04,14.6,"255,475","479,860","596,319",49,25,0.9999
2021/01/21-08:05,15.3,"270,785","501,230","620,230",49,26,1.0000
2021/01/21-08:06,16.0,"284,541","519,964","641,052",49,27,1.0000
2021/01/21-08:07,13.9,"258,300","478,574","593,309",45,23,0.9994
2021/01/21-08:08,14.5,"270,265","494,866","611,416",46,23,0.9994
2021/01/21-08:09,15.3,"285,592","516,253","635,345",47,23,0.9994
2021/01/21-08:10,16.0,"301,408","538,129","659,762",48,24,0.9998
2021/01/21-08:11,16.7,"316,671","558,803","682,704",48,26,1.0000
2021/01/21-08:12,13.2,"243,959","458,172","570,366",45,24,0.9998
2021/01/21-08:13,11.4,"197,470","397,833","504,218",45,25,0.9999
2021/01/21-08:14,12.2,"210,843","417,265","526,192",46,24,0.9998
2021/01/21-08:15,12.9,"224,705","437,187","548,654",47,25,0.9999
2021/01/21-08:16,13.6,"238,143","456,143","569,926",48,25,0.9999
2021/01/21-08:17,12.4,"224,534","435,242","546,365",46,23,0.9994
2021/01/21-08:18,12.2,"221,050","426,823","535,477",44,22,0.9982
2021/01/21-08:19,12.9,"234,746","446,471","557,621",45,22,0.9982
2021/01/21-08:20,13.2,"242,250","454,342","565,247",45,21,0.9968
2021/01/21-08:21,13.8,"253,551","469,864","582,539",45,21,0.9968
2021/01/21-08:22,12.1,"227,499","431,259","538,670",43,21,0.9968
2021/01/21-08:23,8.9,"156,440","334,988","431,825",43,22,0.9982
2021/01/21-08:24,9.6,"165,175","346,146","443,601",43,23,0.9994
2021/01/21-08:25,10.3,"176,971","363,677","463,537",44,24,0.9998
2021/01/21-08:26,10.4,"177,229","362,356","461,154",44,22,0.9982
2021/01/21-08:27,9.7,"170,368","350,301","446,921",41,19,0.9893
2021/01/21-08:28,7.1,"112,177","271,766","359,855",42,23,0.9994
2021/01/21-08:29,7.8,"122,298","287,514","377,963",42,23,0.9994
2021/01/21-08:30,8.5,"132,873","303,716","396,524",43,23,0.9994
2021/01/21-08:31,9.3,"143,902","320,372","415,540",44,23,0.9994
2021/01/21-08:32,8.5,"135,908","308,050","401,402",42,20,0.9941
2021/01/21-08:33,9.2,"147,042","324,810","420,522",43,20,0.9941
2021/01/21-08:34,10.0,"158,629","342,024","440,096",44,20,0.9941
2021/01/21-08:35,10.7,"170,670","359,692","460,124",45,21,0.9968
2021/01/21-08:36,11.1,"177,584","367,515","467,929",44,21,0.9968
2021/01/21-08:37,11.0,"178,950","366,327","465,271",41,19,0.9893
2021/01/21-08:38,11.0,"178,338","365,824","464,813",41,20,0.9941
2021/01/21-08:39,11.7,"190,809","383,705","484,962",41,20,0.9941
2021/01/21-08:40,12.4,"203,715","402,022","505,549",42,21,0.9968
2021/01/21-08:41,13.1,"216,538","419,930","525,589",43,22,0.9982
2021/01/21-08:42,13.3,"223,946","429,503","536,070",42,20,0.9941
2021/01/21-08:43,13.5,"229,653","436,400","543,466",41,22,0.9982
2021/01/21-08:44,14.2,"243,677","455,834","565,169",42,22,0.9982
2021/01/21-08:45,14.9,"258,137","475,704","587,308",42,22,0.9982
2021/01/21-08:46,15.5,"271,469","493,582","607,092",43,24,0.9998
2021/01/21-08:47,15.8,"280,806","505,191","619,654",42,22,0.9982
2021/01/21-08:48,15.1,"273,535","492,726","605,010",40,19,0.9893
2021/01/21-08:49,15.8,"288,675","513,384","627,983",41,19,0.9893
2021/01/21-08:50,16.5,"304,260","534,488","651,401",42,20,0.9941
2021/01/21-08:51,17.2,"320,290","556,037","675,264",43,20,0.9941
2021/01/21-08:52,17.4,"330,079","569,137","690,153",42,21,0.9968
2021/01/21-08:53,10.1,"183,114","365,795","463,169",41,21,0.9968
2021/01/21-08:54,10.8,"195,148","383,347","483,035",42,22,0.9982
2021/01/21-08:55,11.6,"207,626","401,344","503,346",43,25,0.9999
2021/01/21-08:56,12.0,"216,245","413,534","517,034",43,24,0.9998
2021/01/21-08:57,11.8,"216,354","412,020","514,839",41,20,0.9941
2021/01/21-08:58,9.2,"159,482","334,696","428,938",41,22,0.9982
2021/01/21-08:59,9.9,"170,913","351,646","448,202",42,23,0.9994
2021/01/21-09:00,10.6,"182,789","369,041","467,911",43,24,0.9998
2021/01/21-09:01,10.9,"189,350","377,982","477,851",43,24,0.9998
2021/01/21-09:02,11.4,"199,127","391,655","493,158",42,24,0.9998
2021/01/21-09:03,12.1,"211,954","410,001","513,818",43,23,0.9994
2021/01/21-09:04,12.7,"222,628","422,882","527,226",42,22,0.9982
2021/01/21-09:05,13.3,"236,128","441,793","548,405",43,22,0.9982
2021/01/21-09:06,14.0,"250,064","461,140","570,021",43,23,0.9994
2021/01/21-09:07,13.8,"250,731","460,291","568,537",41,19,0.9893
2021/01/21-09:08,14.4,"262,427","476,099","586,069",41,19,0.9893
2021/01/21-09:09,15.1,"277,009","496,092","608,331",42,19,0.9893
2021/01/21-09:10,15.8,"292,027","516,521","631,029",42,19,0.9893
2021/01/21-09:11,16.3,"304,919","533,416","649,604",43,20,0.9941
2021/01/21-09:12,16.4,"312,600","544,083","661,922",41,19,0.9893
2021/01/21-09:13,16.4,"316,849","548,333","666,172",41,22,0.9982
2021/01/21-09:14,17.1,"333,378","572,285","693,636",42,23,0.9994
2021/01/21-09:15,17.8,"349,670","593,988","717,608",43,23,0.9994
2021/01/21-09:16,17.9,"354,722","600,230","724,349",43,23,0.9994
2021/01/21-09:17,17.9,"360,286","605,145","728,992",41,19,0.9893
2021/01/21-09:18,16.8,"344,249","581,208","701,743",41,18,0.9807
2021/01/21-09:19,17.5,"360,385","602,755","725,558",42,20,0.9941
2021/01/21-09:20,18.2,"376,957","624,737","749,809",42,19,0.9893
2021/01/21-09:21,18.9,"393,253","646,011","773,171",43,20,0.9941
2021/01/21-09:22,18.8,"401,004","653,545","780,614",41,21,0.9968
2021/01/21-09:23,9.9,"195,480","378,009","475,718",41,21,0.9968
2021/01/21-09:24,10.6,"207,339","395,387","495,410",42,21,0.9968
2021/01/21-09:25,11.3,"219,642","413,209","515,547",43,23,0.9994
2021/01/21-09:26,11.8,"229,168","426,414","530,295",43,22,0.9982
2021/01/21-09:27,11.6,"229,659","425,606","528,942",41,20,0.9941
2021/01/21-09:28,8.6,"158,716","331,398","424,977",41,23,0.9994
2021/01/21-09:29,9.3,"169,780","347,981","443,875",42,23,0.9994
2021/01/21-09:30,10.0,"181,290","365,009","463,218",43,24,0.9998
2021/01/21-09:31,10.6,"191,420","379,577","479,645",43,24,0.9998
2021/01/21-09:32,10.2,"188,068","373,194","471,992",41,24,0.9998
2021/01/21-09:33,10.9,"200,136","390,781","491,893",42,22,0.9982
2021/01/21-09:34,11.6,"212,649","408,813","512,239",43,24,0.9998
2021/01/21-09:35,12.3,"225,607","427,290","533,031",44,25,0.9999
2021/01/21-09:36,13.0,"239,010","446,212","554,267",44,23,0.9994
2021/01/21-09:37,12.5,"235,160","438,249","544,580",41,21,0.9968
2021/01/21-09:38,13.1,"247,174","454,916","563,199",42,23,0.9994
2021/01/21-09:39,13.8,"261,066","474,327","584,924",43,23,0.9994
2021/01/21-09:40,14.5,"275,403","494,183","607,094",44,22,0.9982
2021/01/21-09:41,15.2,"289,664","513,638","628,727",44,22,0.9982
2021/01/21-09:42,14.3,"280,573","497,838","610,113",41,22,0.9982
2021/01/21-09:43,14.8,"291,819","512,655","626,428",42,24,0.9998
2021/01/21-09:44,15.5,"307,551","536,027","653,403",43,23,0.9994
2021/01/21-09:45,16.2,"323,178","557,389","677,170",44,24,0.9998
2021/01/21-09:46,16.8,"336,757","575,296","696,892",44,25,0.9999
2021/01/21-09:47,15.8,"323,094","553,626","671,864",42,22,0.9982
2021/01/21-09:48,15.5,"324,025","552,717","670,184",43,20,0.9941
2021/01/21-09:49,16.3,"339,669","574,097","693,969",44,21,0.9968
2021/01/21-09:50,17.0,"355,776","595,938","718,216",45,23,0.9994
2021/01/21-09:51,17.5,"372,777","622,159","749,101",46,23,0.9994
2021/01/21-09:52,17.5,"378,917","627,757","754,472",44,23,0.9994
2021/01/21-09:53,8.2,"148,215","325,095","421,634",44,25,0.9999
2021/01/21-09:54,9.0,"159,356","341,972","440,915",45,23,0.9994
2021/01/21-09:55,9.7,"170,960","359,311","460,659",45,24,0.9998
2021/01/21-09:56,10.1,"178,124","369,722","472,432",46,25,0.9999
2021/01/21-09:57,9.2,"165,462","349,485","449,018",44,23,0.9994
2021/01/21-09:58,9.6,"173,730","361,540","462,662",44,25,0.9999
2021/01/21-09:59,10.4,"185,753","379,298","482,825",45,25,0.9999
2021/01/21-10:00,11.1,"198,910","400,203","507,378",46,26,1.0000
2021/01/21-10:01,11.8,"211,858","418,886","528,466",47,26,1.0000
2021/01/21-10:02,11.7,"213,427","419,590","528,807",44,23,0.9994
2021/01/21-10:03,12.5,"226,767","438,665","550,287",45,24,0.9998
2021/01/21-10:04,13.2,"240,570","458,203","572,230",46,24,0.9998
2021/01/21-10:05,13.9,"254,836","478,204","594,636",47,24,0.9998
2021/01/21-10:06,14.7,"269,564","498,667","617,504",47,25,0.9999
2021/01/21-10:07,12.8,"242,812","457,307","570,018",44,22,0.9982
2021/01/21-10:08,13.4,"254,201","473,024","587,550",45,23,0.9994
2021/01/21-10:09,14.1,"268,562","493,120","610,052",46,24,0.9998
2021/01/21-10:10,14.8,"283,386","513,679","633,016",46,24,0.9998
2021/01/21-10:11,15.4,"297,781","534,849","657,425",46,25,0.9999
2021/01/21-10:12,13.8,"274,838","499,029","616,205",45,23,0.9994
2021/01/21-10:13,13.9,"278,000","502,948","620,442",45,24,0.9998
2021/01/21-10:14,14.6,"292,693","523,376","643,275",46,25,0.9999
2021/01/21-10:15,15.4,"307,961","544,487","666,837",46,25,0.9999
2021/01/21-10:16,16.1,"323,700","566,070","690,870",47,26,1.0000
2021/01/21-10:17,15.2,"313,529","545,878","666,077",44,22,0.9982
2021/01/21-10:18,15.0,"314,202","545,253","664,907",44,20,0.9941
2021/01/21-10:19,15.8,"329,550","566,336","688,395",45,21,0.9968
2021/01/21-10:20,16.5,"345,360","587,881","712,345",46,23,0.9994
2021/01/21-10:21,16.8,"355,384","598,382","722,646",45,21,0.9968
2021/01/21-10:22,15.9,"349,056","585,777","707,410",43,24,0.9998
2021/01/21-10:23,7.9,"160,653","335,045","430,539",43,22,0.9982
2021/01/21-10:24,8.7,"171,706","351,941","449,886",44,24,0.9998
2021/01/21-10:25,9.4,"183,230","369,309","469,704",45,23,0.9994
2021/01/21-10:26,10.0,"193,602","384,550","486,988",46,23,0.9994
2021/01/21-10:27,9.5,"184,790","371,193","471,725",44,24,0.9998
2021/01/21-10:28,9.3,"181,117","363,235","461,570",43,25,0.9999
2021/01/21-10:29,10.1,"192,843","380,696","481,436",44,25,0.9999
2021/01/21-10:30,10.8,"205,031","398,620","501,765",45,26,1.0000
2021/01/21-10:31,11.3,"214,129","411,505","516,238",45,23,0.9994
2021/01/21-10:32,10.5,"205,425","396,741","498,933",43,25,0.9999
2021/01/21-10:33,11.0,"214,485","407,900","510,574",43,27,1.0000
2021/01/21-10:34,11.8,"227,284","426,435","531,513",44,24,0.9998
2021/01/21-10:35,12.5,"240,546","445,432","552,915",45,25,0.9999
2021/01/21-10:36,13.1,"252,647","462,293","571,774",45,24,0.9998
2021/01/21-10:37,12.1,"242,559","444,631","550,934",43,21,0.9968
2021/01/21-10:38,12.8,"255,214","462,480","570,962",43,22,0.9982
2021/01/21-10:39,13.5,"269,130","482,132","593,019",44,21,0.9968
2021/01/21-10:40,14.3,"283,509","502,246","615,538",45,23,0.9994
2021/01/21-10:41,14.9,"297,309","521,131","636,556",45,24,0.9998
2021/01/21-10:42,13.9,"284,466","500,281","612,348",43,20,0.9941
2021/01/21-10:43,14.2,"290,445","508,316","621,245",43,22,0.9982
2021/01/21-10:44,14.9,"305,329","529,043","644,423",44,23,0.9994
2021/01/21-10:45,15.7,"320,685","550,242","668,072",45,24,0.9998
2021/01/21-10:46,16.4,"336,511","571,912","692,193",46,24,0.9998
2021/01/21-10:47,15.2,"321,858","547,736","664,023",43,24,0.9998
2021/01/21-10:48,15.3,"328,778","555,738","672,479",43,22,0.9982
2021/01/21-10:49,16.1,"344,395","577,199","696,390",44,21,0.9968
2021/01/21-10:50,16.8,"360,483","599,131","720,772",45,22,0.9982
2021/01/21-10:51,17.3,"373,203","615,637","738,867",46,22,0.9982
2021/01/21-10:52,16.2,"359,093","592,655","712,164",43,25,0.9999
2021/01/21-10:53,8.9,"180,662","358,712","454,941",43,25,0.9999
2021/01/21-10:54,9.7,"192,335","376,228","474,908",44,24,0.9998
2021/01/21-10:55,10.4,"204,479","394,215","495,346",45,25,0.9999
2021/01/21-10:56,11.2,"217,094","412,674","516,255",46,24,0.9998
2021/01/21-10:57,10.3,"205,116","393,770","494,447",43,21,0.9968
2021/01/21-10:58,10.0,"201,939","388,537","488,351",44,26,1.0000
2021/01/21-10:59,10.8,"214,301","406,742","509,007",44,25,0.9999
2021/01/21-11:00,11.4,"225,807","423,118","527,425",45,26,1.0000
2021/01/21-11:01,12.0,"236,991","439,063","545,367",45,25,0.9999
2021/01/21-11:02,11.1,"226,494","423,978","528,757",43,22,0.9982
2021/01/21-11:03,11.9,"239,571","442,899","550,128",44,21,0.9968
2021/01/21-11:04,12.6,"253,120","462,291","571,971",45,22,0.9982
2021/01/21-11:05,13.4,"267,141","482,155","594,285",46,23,0.9994
2021/01/21-11:06,13.9,"278,914","500,161","615,304",47,24,0.9998
2021/01/21-11:07,13.0,"265,813","479,702","591,760",44,25,0.9999
2021/01/21-11:08,13.6,"278,601","497,468","611,613",45,25,0.9999
2021/01/21-11:09,14.4,"293,241","517,951","634,546",46,24,0.9998
2021/01/21-11:10,15.1,"309,024","541,590","661,879",47,26,1.0000
2021/01/21-11:11,15.8,"323,564","561,324","683,792",47,26,1.0000
2021/01/21-11:12,13.9,"297,518","520,886","637,318",45,23,0.9994
2021/01/21-11:13,14.5,"309,623","537,211","655,413",45,24,0.9998
2021/01/21-11:14,15.2,"324,804","558,235","678,888",46,27,1.0000
2021/01/21-11:15,16.0,"340,456","579,730","702,833",47,26,1.0000
2021/01/21-11:16,16.6,"346,624","585,184","707,588",46,24,0.9998
2021/01/21-11:17,15.2,"329,126","556,974","674,885",44,23,0.9994
2021/01/21-11:18,15.4,"337,897","567,801","686,575",44,21,0.9968
2021/01/21-11:19,16.2,"353,314","588,953","710,132",45,22,0.9982
2021/01/21-11:20,16.9,"369,194","610,568","734,152",45,21,0.9968
2021/01/21-11:21,17.1,"375,430","616,414","739,435",45,22,0.9982
2021/01/21-11:22,15.7,"355,379","585,110","703,412",43,22,0.9982
2021/01/21-11:23,7.0,"121,129","286,042","377,162",43,22,0.9982
2021/01/21-11:24,7.7,"131,355","301,894","395,374",44,23,0.9994
2021/01/21-11:25,8.4,"142,034","318,201","414,041",44,25,0.9999
2021/01/21-11:26,8.9,"149,327","329,065","426,402",45,23,0.9994
2021/01/21-11:27,8.5,"145,362","322,286","418,443",43,20,0.9941
2021/01/21-11:28,8.3,"142,762","318,496","414,154",43,22,0.9982
2021/01/21-11:29,9.1,"153,861","335,221","433,239",44,23,0.9994
2021/01/21-11:30,9.6,"163,269","348,850","448,637",44,22,0.9982
2021/01/21-11:31,10.3,"174,450","365,225","467,190",44,22,0.9982
2021/01/21-11:32,9.6,"165,140","350,288","449,894",42,22,0.9982
2021/01/21-11:33,10.3,"177,110","367,994","470,005",43,21,0.9968
2021/01/21-11:34,11.0,"190,215","388,846","494,506",45,22,0.9982
2021/01/21-11:35,11.8,"203,110","407,477","515,541",45,23,0.9994
2021/01/21-11:36,12.4,"212,479","418,512","526,876",45,21,0.9968
2021/01/21-11:37,11.7,"203,652","403,841","509,754",43,22,0.9982
2021/01/21-11:38,12.2,"214,037","418,447","526,130",43,22,0.9982
2021/01/21-11:39,13.0,"227,561","437,705","547,794",44,22,0.9982
2021/01/21-11:40,13.7,"241,547","457,427","569,920",45,22,0.9982
2021/01/21-11:41,14.4,"255,066","476,140","590,812",45,24,0.9998
2021/01/21-11:42,12.6,"232,022","442,881","553,668",44,22,0.9982
2021/01/21-11:43,12.7,"235,690","447,306","558,411",44,22,0.9982
2021/01/21-11:44,13.4,"249,745","467,204","580,760",45,23,0.9994
2021/01/21-11:45,14.2,"264,271","487,574","603,580",46,23,0.9994
2021/01/21-11:46,14.8,"277,645","505,817","623,865",46,23,0.9994
2021/01/21-11:47,12.8,"246,130","458,396","569,773",44,21,0.9968
2021/01/21-11:48,12.9,"248,540","461,779","573,565",45,21,0.9968
2021/01/21-11:49,13.7,"262,726","481,808","596,044",45,22,0.9982
2021/01/21-11:50,14.4,"277,383","502,309","618,996",46,21,0.9968
2021/01/21-11:51,14.8,"288,133","516,414","634,507",46,21,0.9968
2021/01/21-11:52,14.2,"284,487","508,223","624,410",44,21,0.9968
2021/01/21-11:53,7.5,"139,960","311,322","405,546",44,23,0.9994
2021/01/21-11:54,8.3,"150,769","327,974","424,649",45,23,0.9994
2021/01/21-11:55,9.0,"162,049","345,098","444,223",46,20,0.9941
2021/01/21-11:56,9.7,"173,088","361,547","462,941",47,24,0.9998
2021/01/21-11:57,8.8,"161,807","343,449","441,984",44,22,0.9982
2021/01/21-11:58,8.3,"153,889","331,635","428,537",44,22,0.9982
2021/01/21-11:59,9.0,"163,396","344,107","441,852",44,21,0.9968
2021/01/21-12:00,9.7,"175,008","361,455","461,605",45,22,0.9982
